ISO-10303-21;
HEADER;
/* Generated by software containing ST-Developer
 * from STEP Tools, Inc. (www.steptools.com) 
 */

FILE_DESCRIPTION(
/* description */ (''),
/* implementation_level */ '2;1');

FILE_NAME(
/* name */ '2011_heat_sink_screw.step',
/* time_stamp */ '2026-03-24T13:19:59Z',
/* author */ (''),
/* organization */ (''),
/* preprocessor_version */ 'ST-DEVELOPER v20.1',
/* originating_system */ 'Autodesk Translation Framework v14.24.0.0',
/* authorisation */ '');

FILE_SCHEMA (('AUTOMOTIVE_DESIGN { 1 0 10303 214 3 1 1 }'));
ENDSEC;

DATA;
#10=MECHANICAL_DESIGN_GEOMETRIC_PRESENTATION_REPRESENTATION('',(#37,#38),
#6094);
#11=ITEM_DEFINED_TRANSFORMATION($,$,#4032,#4059);
#12=ITEM_DEFINED_TRANSFORMATION($,$,#3847,#4060);
#13=ITEM_DEFINED_TRANSFORMATION($,$,#4032,#4061);
#14=ITEM_DEFINED_TRANSFORMATION($,$,#4032,#4062);
#15=ITEM_DEFINED_TRANSFORMATION($,$,#4032,#4063);
#16=(
REPRESENTATION_RELATIONSHIP($,$,#6112,#6110)
REPRESENTATION_RELATIONSHIP_WITH_TRANSFORMATION(#11)
SHAPE_REPRESENTATION_RELATIONSHIP()
);
#17=(
REPRESENTATION_RELATIONSHIP($,$,#6111,#6110)
REPRESENTATION_RELATIONSHIP_WITH_TRANSFORMATION(#12)
SHAPE_REPRESENTATION_RELATIONSHIP()
);
#18=(
REPRESENTATION_RELATIONSHIP($,$,#6112,#6110)
REPRESENTATION_RELATIONSHIP_WITH_TRANSFORMATION(#13)
SHAPE_REPRESENTATION_RELATIONSHIP()
);
#19=(
REPRESENTATION_RELATIONSHIP($,$,#6112,#6110)
REPRESENTATION_RELATIONSHIP_WITH_TRANSFORMATION(#14)
SHAPE_REPRESENTATION_RELATIONSHIP()
);
#20=(
REPRESENTATION_RELATIONSHIP($,$,#6112,#6110)
REPRESENTATION_RELATIONSHIP_WITH_TRANSFORMATION(#15)
SHAPE_REPRESENTATION_RELATIONSHIP()
);
#21=CONTEXT_DEPENDENT_SHAPE_REPRESENTATION(#16,#6105);
#22=CONTEXT_DEPENDENT_SHAPE_REPRESENTATION(#17,#6106);
#23=CONTEXT_DEPENDENT_SHAPE_REPRESENTATION(#18,#6107);
#24=CONTEXT_DEPENDENT_SHAPE_REPRESENTATION(#19,#6108);
#25=CONTEXT_DEPENDENT_SHAPE_REPRESENTATION(#20,#6109);
#26=NEXT_ASSEMBLY_USAGE_OCCURRENCE(
'Hexagon Socket Head Cap Screw NF EN ISO 4762 - M4 x 12 Steel 4.6 Plai
n:1',
'Hexagon Socket Head Cap Screw NF EN ISO 4762 - M4 x 12 Steel 4.6 Plai
n:1',
'Hexagon Socket Head Cap Screw NF EN ISO 4762 - M4 x 12 Steel 4.6 Plai
n:1',#6114,#6116,
'Hexagon Socket Head Cap Screw NF EN ISO 4762 - M4 x 12 Steel 4.6 Plai
n:1');
#27=NEXT_ASSEMBLY_USAGE_OCCURRENCE('2011_heat_sink:1',
'2011_heat_sink:1','2011_heat_sink:1',#6114,#6115,'2011_heat_sink:1');
#28=NEXT_ASSEMBLY_USAGE_OCCURRENCE(
'Hexagon Socket Head Cap Screw NF EN ISO 4762 - M4 x 12 Steel 4.6 Plai
n:2',
'Hexagon Socket Head Cap Screw NF EN ISO 4762 - M4 x 12 Steel 4.6 Plai
n:2',
'Hexagon Socket Head Cap Screw NF EN ISO 4762 - M4 x 12 Steel 4.6 Plai
n:2',#6114,#6116,
'Hexagon Socket Head Cap Screw NF EN ISO 4762 - M4 x 12 Steel 4.6 Plai
n:2');
#29=NEXT_ASSEMBLY_USAGE_OCCURRENCE(
'Hexagon Socket Head Cap Screw NF EN ISO 4762 - M4 x 12 Steel 4.6 Plai
n:3',
'Hexagon Socket Head Cap Screw NF EN ISO 4762 - M4 x 12 Steel 4.6 Plai
n:3',
'Hexagon Socket Head Cap Screw NF EN ISO 4762 - M4 x 12 Steel 4.6 Plai
n:3',#6114,#6116,
'Hexagon Socket Head Cap Screw NF EN ISO 4762 - M4 x 12 Steel 4.6 Plai
n:3');
#30=NEXT_ASSEMBLY_USAGE_OCCURRENCE(
'Hexagon Socket Head Cap Screw NF EN ISO 4762 - M4 x 12 Steel 4.6 Plai
n:4',
'Hexagon Socket Head Cap Screw NF EN ISO 4762 - M4 x 12 Steel 4.6 Plai
n:4',
'Hexagon Socket Head Cap Screw NF EN ISO 4762 - M4 x 12 Steel 4.6 Plai
n:4',#6114,#6116,
'Hexagon Socket Head Cap Screw NF EN ISO 4762 - M4 x 12 Steel 4.6 Plai
n:4');
#31=TOROIDAL_SURFACE('',#4036,3.09999999999998,0.4);
#32=CONICAL_SURFACE('',#4033,1.84000000000236,0.785398163397954);
#33=SHAPE_REPRESENTATION_RELATIONSHIP('SRR','None',#6111,#35);
#34=SHAPE_REPRESENTATION_RELATIONSHIP('SRR','None',#6112,#36);
#35=ADVANCED_BREP_SHAPE_REPRESENTATION('',(#39),#6092);
#36=ADVANCED_BREP_SHAPE_REPRESENTATION('',(#40),#6093);
#37=STYLED_ITEM('',(#6130),#39);
#38=STYLED_ITEM('',(#6129),#40);
#39=MANIFOLD_SOLID_BREP('Body1',#3821);
#40=MANIFOLD_SOLID_BREP('Body1',#3822);
#41=FACE_BOUND('',#475,.T.);
#42=FACE_BOUND('',#476,.T.);
#43=FACE_BOUND('',#477,.T.);
#44=FACE_BOUND('',#478,.T.);
#45=FACE_BOUND('',#479,.T.);
#46=FACE_BOUND('',#480,.T.);
#47=FACE_BOUND('',#481,.T.);
#48=FACE_BOUND('',#561,.T.);
#49=FACE_BOUND('',#562,.T.);
#50=FACE_BOUND('',#563,.T.);
#51=FACE_BOUND('',#564,.T.);
#52=FACE_BOUND('',#565,.T.);
#53=FACE_BOUND('',#566,.T.);
#54=FACE_BOUND('',#567,.T.);
#55=FACE_BOUND('',#633,.T.);
#56=FACE_BOUND('',#634,.T.);
#57=FACE_BOUND('',#635,.T.);
#58=FACE_BOUND('',#636,.T.);
#59=FACE_BOUND('',#640,.T.);
#60=FACE_BOUND('',#657,.T.);
#61=PLANE('',#3860);
#62=PLANE('',#3861);
#63=PLANE('',#3862);
#64=PLANE('',#3863);
#65=PLANE('',#3864);
#66=PLANE('',#3865);
#67=PLANE('',#3866);
#68=PLANE('',#3867);
#69=PLANE('',#3868);
#70=PLANE('',#3869);
#71=PLANE('',#3870);
#72=PLANE('',#3871);
#73=PLANE('',#3872);
#74=PLANE('',#3873);
#75=PLANE('',#3874);
#76=PLANE('',#3875);
#77=PLANE('',#3876);
#78=PLANE('',#3877);
#79=PLANE('',#3878);
#80=PLANE('',#3879);
#81=PLANE('',#3880);
#82=PLANE('',#3881);
#83=PLANE('',#3882);
#84=PLANE('',#3883);
#85=PLANE('',#3884);
#86=PLANE('',#3885);
#87=PLANE('',#3886);
#88=PLANE('',#3887);
#89=PLANE('',#3888);
#90=PLANE('',#3889);
#91=PLANE('',#3890);
#92=PLANE('',#3891);
#93=PLANE('',#3892);
#94=PLANE('',#3893);
#95=PLANE('',#3894);
#96=PLANE('',#3895);
#97=PLANE('',#3896);
#98=PLANE('',#3897);
#99=PLANE('',#3898);
#100=PLANE('',#3899);
#101=PLANE('',#3900);
#102=PLANE('',#3901);
#103=PLANE('',#3902);
#104=PLANE('',#3903);
#105=PLANE('',#3904);
#106=PLANE('',#3905);
#107=PLANE('',#3906);
#108=PLANE('',#3907);
#109=PLANE('',#3908);
#110=PLANE('',#3909);
#111=PLANE('',#3910);
#112=PLANE('',#3911);
#113=PLANE('',#3912);
#114=PLANE('',#3913);
#115=PLANE('',#3914);
#116=PLANE('',#3915);
#117=PLANE('',#3916);
#118=PLANE('',#3917);
#119=PLANE('',#3918);
#120=PLANE('',#3919);
#121=PLANE('',#3920);
#122=PLANE('',#3921);
#123=PLANE('',#3922);
#124=PLANE('',#3923);
#125=PLANE('',#3924);
#126=PLANE('',#3925);
#127=PLANE('',#3926);
#128=PLANE('',#3927);
#129=PLANE('',#3928);
#130=PLANE('',#3929);
#131=PLANE('',#3930);
#132=PLANE('',#3931);
#133=PLANE('',#3932);
#134=PLANE('',#3933);
#135=PLANE('',#3934);
#136=PLANE('',#3935);
#137=PLANE('',#3936);
#138=PLANE('',#3937);
#139=PLANE('',#3938);
#140=PLANE('',#3939);
#141=PLANE('',#3940);
#142=PLANE('',#3941);
#143=PLANE('',#3942);
#144=PLANE('',#3943);
#145=PLANE('',#3944);
#146=PLANE('',#3945);
#147=PLANE('',#3946);
#148=PLANE('',#3947);
#149=PLANE('',#3948);
#150=PLANE('',#3949);
#151=PLANE('',#3950);
#152=PLANE('',#3951);
#153=PLANE('',#3952);
#154=PLANE('',#3953);
#155=PLANE('',#3954);
#156=PLANE('',#3955);
#157=PLANE('',#3956);
#158=PLANE('',#3957);
#159=PLANE('',#3958);
#160=PLANE('',#3959);
#161=PLANE('',#3960);
#162=PLANE('',#3961);
#163=PLANE('',#3962);
#164=PLANE('',#3963);
#165=PLANE('',#3964);
#166=PLANE('',#3965);
#167=PLANE('',#3966);
#168=PLANE('',#3967);
#169=PLANE('',#3968);
#170=PLANE('',#3969);
#171=PLANE('',#3970);
#172=PLANE('',#3971);
#173=PLANE('',#3972);
#174=PLANE('',#3973);
#175=PLANE('',#3974);
#176=PLANE('',#3975);
#177=PLANE('',#3976);
#178=PLANE('',#3977);
#179=PLANE('',#3978);
#180=PLANE('',#3979);
#181=PLANE('',#3980);
#182=PLANE('',#3981);
#183=PLANE('',#3982);
#184=PLANE('',#3983);
#185=PLANE('',#3984);
#186=PLANE('',#3985);
#187=PLANE('',#3986);
#188=PLANE('',#3987);
#189=PLANE('',#3988);
#190=PLANE('',#3989);
#191=PLANE('',#3990);
#192=PLANE('',#3991);
#193=PLANE('',#3992);
#194=PLANE('',#3993);
#195=PLANE('',#3994);
#196=PLANE('',#3995);
#197=PLANE('',#3996);
#198=PLANE('',#3997);
#199=PLANE('',#3998);
#200=PLANE('',#3999);
#201=PLANE('',#4000);
#202=PLANE('',#4001);
#203=PLANE('',#4002);
#204=PLANE('',#4003);
#205=PLANE('',#4004);
#206=PLANE('',#4005);
#207=PLANE('',#4006);
#208=PLANE('',#4007);
#209=PLANE('',#4008);
#210=PLANE('',#4009);
#211=PLANE('',#4010);
#212=PLANE('',#4011);
#213=PLANE('',#4012);
#214=PLANE('',#4013);
#215=PLANE('',#4014);
#216=PLANE('',#4015);
#217=PLANE('',#4016);
#218=PLANE('',#4017);
#219=PLANE('',#4018);
#220=PLANE('',#4019);
#221=PLANE('',#4020);
#222=PLANE('',#4021);
#223=PLANE('',#4022);
#224=PLANE('',#4023);
#225=PLANE('',#4024);
#226=PLANE('',#4025);
#227=PLANE('',#4026);
#228=PLANE('',#4027);
#229=PLANE('',#4028);
#230=PLANE('',#4029);
#231=PLANE('',#4030);
#232=PLANE('',#4031);
#233=PLANE('',#4040);
#234=PLANE('',#4043);
#235=PLANE('',#4044);
#236=PLANE('',#4045);
#237=PLANE('',#4046);
#238=PLANE('',#4047);
#239=PLANE('',#4048);
#240=PLANE('',#4049);
#241=PLANE('',#4050);
#242=PLANE('',#4051);
#243=PLANE('',#4052);
#244=PLANE('',#4053);
#245=PLANE('',#4054);
#246=PLANE('',#4057);
#247=PLANE('',#4058);
#248=FACE_OUTER_BOUND('',#443,.T.);
#249=FACE_OUTER_BOUND('',#444,.T.);
#250=FACE_OUTER_BOUND('',#445,.T.);
#251=FACE_OUTER_BOUND('',#446,.T.);
#252=FACE_OUTER_BOUND('',#447,.T.);
#253=FACE_OUTER_BOUND('',#448,.T.);
#254=FACE_OUTER_BOUND('',#449,.T.);
#255=FACE_OUTER_BOUND('',#450,.T.);
#256=FACE_OUTER_BOUND('',#451,.T.);
#257=FACE_OUTER_BOUND('',#452,.T.);
#258=FACE_OUTER_BOUND('',#453,.T.);
#259=FACE_OUTER_BOUND('',#454,.T.);
#260=FACE_OUTER_BOUND('',#455,.T.);
#261=FACE_OUTER_BOUND('',#456,.T.);
#262=FACE_OUTER_BOUND('',#457,.T.);
#263=FACE_OUTER_BOUND('',#458,.T.);
#264=FACE_OUTER_BOUND('',#459,.T.);
#265=FACE_OUTER_BOUND('',#460,.T.);
#266=FACE_OUTER_BOUND('',#461,.T.);
#267=FACE_OUTER_BOUND('',#462,.T.);
#268=FACE_OUTER_BOUND('',#463,.T.);
#269=FACE_OUTER_BOUND('',#464,.T.);
#270=FACE_OUTER_BOUND('',#465,.T.);
#271=FACE_OUTER_BOUND('',#466,.T.);
#272=FACE_OUTER_BOUND('',#467,.T.);
#273=FACE_OUTER_BOUND('',#468,.T.);
#274=FACE_OUTER_BOUND('',#469,.T.);
#275=FACE_OUTER_BOUND('',#470,.T.);
#276=FACE_OUTER_BOUND('',#471,.T.);
#277=FACE_OUTER_BOUND('',#472,.T.);
#278=FACE_OUTER_BOUND('',#473,.T.);
#279=FACE_OUTER_BOUND('',#474,.T.);
#280=FACE_OUTER_BOUND('',#482,.T.);
#281=FACE_OUTER_BOUND('',#483,.T.);
#282=FACE_OUTER_BOUND('',#484,.T.);
#283=FACE_OUTER_BOUND('',#485,.T.);
#284=FACE_OUTER_BOUND('',#486,.T.);
#285=FACE_OUTER_BOUND('',#487,.T.);
#286=FACE_OUTER_BOUND('',#488,.T.);
#287=FACE_OUTER_BOUND('',#489,.T.);
#288=FACE_OUTER_BOUND('',#490,.T.);
#289=FACE_OUTER_BOUND('',#491,.T.);
#290=FACE_OUTER_BOUND('',#492,.T.);
#291=FACE_OUTER_BOUND('',#493,.T.);
#292=FACE_OUTER_BOUND('',#494,.T.);
#293=FACE_OUTER_BOUND('',#495,.T.);
#294=FACE_OUTER_BOUND('',#496,.T.);
#295=FACE_OUTER_BOUND('',#497,.T.);
#296=FACE_OUTER_BOUND('',#498,.T.);
#297=FACE_OUTER_BOUND('',#499,.T.);
#298=FACE_OUTER_BOUND('',#500,.T.);
#299=FACE_OUTER_BOUND('',#501,.T.);
#300=FACE_OUTER_BOUND('',#502,.T.);
#301=FACE_OUTER_BOUND('',#503,.T.);
#302=FACE_OUTER_BOUND('',#504,.T.);
#303=FACE_OUTER_BOUND('',#505,.T.);
#304=FACE_OUTER_BOUND('',#506,.T.);
#305=FACE_OUTER_BOUND('',#507,.T.);
#306=FACE_OUTER_BOUND('',#508,.T.);
#307=FACE_OUTER_BOUND('',#509,.T.);
#308=FACE_OUTER_BOUND('',#510,.T.);
#309=FACE_OUTER_BOUND('',#511,.T.);
#310=FACE_OUTER_BOUND('',#512,.T.);
#311=FACE_OUTER_BOUND('',#513,.T.);
#312=FACE_OUTER_BOUND('',#514,.T.);
#313=FACE_OUTER_BOUND('',#515,.T.);
#314=FACE_OUTER_BOUND('',#516,.T.);
#315=FACE_OUTER_BOUND('',#517,.T.);
#316=FACE_OUTER_BOUND('',#518,.T.);
#317=FACE_OUTER_BOUND('',#519,.T.);
#318=FACE_OUTER_BOUND('',#520,.T.);
#319=FACE_OUTER_BOUND('',#521,.T.);
#320=FACE_OUTER_BOUND('',#522,.T.);
#321=FACE_OUTER_BOUND('',#523,.T.);
#322=FACE_OUTER_BOUND('',#524,.T.);
#323=FACE_OUTER_BOUND('',#525,.T.);
#324=FACE_OUTER_BOUND('',#526,.T.);
#325=FACE_OUTER_BOUND('',#527,.T.);
#326=FACE_OUTER_BOUND('',#528,.T.);
#327=FACE_OUTER_BOUND('',#529,.T.);
#328=FACE_OUTER_BOUND('',#530,.T.);
#329=FACE_OUTER_BOUND('',#531,.T.);
#330=FACE_OUTER_BOUND('',#532,.T.);
#331=FACE_OUTER_BOUND('',#533,.T.);
#332=FACE_OUTER_BOUND('',#534,.T.);
#333=FACE_OUTER_BOUND('',#535,.T.);
#334=FACE_OUTER_BOUND('',#536,.T.);
#335=FACE_OUTER_BOUND('',#537,.T.);
#336=FACE_OUTER_BOUND('',#538,.T.);
#337=FACE_OUTER_BOUND('',#539,.T.);
#338=FACE_OUTER_BOUND('',#540,.T.);
#339=FACE_OUTER_BOUND('',#541,.T.);
#340=FACE_OUTER_BOUND('',#542,.T.);
#341=FACE_OUTER_BOUND('',#543,.T.);
#342=FACE_OUTER_BOUND('',#544,.T.);
#343=FACE_OUTER_BOUND('',#545,.T.);
#344=FACE_OUTER_BOUND('',#546,.T.);
#345=FACE_OUTER_BOUND('',#547,.T.);
#346=FACE_OUTER_BOUND('',#548,.T.);
#347=FACE_OUTER_BOUND('',#549,.T.);
#348=FACE_OUTER_BOUND('',#550,.T.);
#349=FACE_OUTER_BOUND('',#551,.T.);
#350=FACE_OUTER_BOUND('',#552,.T.);
#351=FACE_OUTER_BOUND('',#553,.T.);
#352=FACE_OUTER_BOUND('',#554,.T.);
#353=FACE_OUTER_BOUND('',#555,.T.);
#354=FACE_OUTER_BOUND('',#556,.T.);
#355=FACE_OUTER_BOUND('',#557,.T.);
#356=FACE_OUTER_BOUND('',#558,.T.);
#357=FACE_OUTER_BOUND('',#559,.T.);
#358=FACE_OUTER_BOUND('',#560,.T.);
#359=FACE_OUTER_BOUND('',#568,.T.);
#360=FACE_OUTER_BOUND('',#569,.T.);
#361=FACE_OUTER_BOUND('',#570,.T.);
#362=FACE_OUTER_BOUND('',#571,.T.);
#363=FACE_OUTER_BOUND('',#572,.T.);
#364=FACE_OUTER_BOUND('',#573,.T.);
#365=FACE_OUTER_BOUND('',#574,.T.);
#366=FACE_OUTER_BOUND('',#575,.T.);
#367=FACE_OUTER_BOUND('',#576,.T.);
#368=FACE_OUTER_BOUND('',#577,.T.);
#369=FACE_OUTER_BOUND('',#578,.T.);
#370=FACE_OUTER_BOUND('',#579,.T.);
#371=FACE_OUTER_BOUND('',#580,.T.);
#372=FACE_OUTER_BOUND('',#581,.T.);
#373=FACE_OUTER_BOUND('',#582,.T.);
#374=FACE_OUTER_BOUND('',#583,.T.);
#375=FACE_OUTER_BOUND('',#584,.T.);
#376=FACE_OUTER_BOUND('',#585,.T.);
#377=FACE_OUTER_BOUND('',#586,.T.);
#378=FACE_OUTER_BOUND('',#587,.T.);
#379=FACE_OUTER_BOUND('',#588,.T.);
#380=FACE_OUTER_BOUND('',#589,.T.);
#381=FACE_OUTER_BOUND('',#590,.T.);
#382=FACE_OUTER_BOUND('',#591,.T.);
#383=FACE_OUTER_BOUND('',#592,.T.);
#384=FACE_OUTER_BOUND('',#593,.T.);
#385=FACE_OUTER_BOUND('',#594,.T.);
#386=FACE_OUTER_BOUND('',#595,.T.);
#387=FACE_OUTER_BOUND('',#596,.T.);
#388=FACE_OUTER_BOUND('',#597,.T.);
#389=FACE_OUTER_BOUND('',#598,.T.);
#390=FACE_OUTER_BOUND('',#599,.T.);
#391=FACE_OUTER_BOUND('',#600,.T.);
#392=FACE_OUTER_BOUND('',#601,.T.);
#393=FACE_OUTER_BOUND('',#602,.T.);
#394=FACE_OUTER_BOUND('',#603,.T.);
#395=FACE_OUTER_BOUND('',#604,.T.);
#396=FACE_OUTER_BOUND('',#605,.T.);
#397=FACE_OUTER_BOUND('',#606,.T.);
#398=FACE_OUTER_BOUND('',#607,.T.);
#399=FACE_OUTER_BOUND('',#608,.T.);
#400=FACE_OUTER_BOUND('',#609,.T.);
#401=FACE_OUTER_BOUND('',#610,.T.);
#402=FACE_OUTER_BOUND('',#611,.T.);
#403=FACE_OUTER_BOUND('',#612,.T.);
#404=FACE_OUTER_BOUND('',#613,.T.);
#405=FACE_OUTER_BOUND('',#614,.T.);
#406=FACE_OUTER_BOUND('',#615,.T.);
#407=FACE_OUTER_BOUND('',#616,.T.);
#408=FACE_OUTER_BOUND('',#617,.T.);
#409=FACE_OUTER_BOUND('',#618,.T.);
#410=FACE_OUTER_BOUND('',#619,.T.);
#411=FACE_OUTER_BOUND('',#620,.T.);
#412=FACE_OUTER_BOUND('',#621,.T.);
#413=FACE_OUTER_BOUND('',#622,.T.);
#414=FACE_OUTER_BOUND('',#623,.T.);
#415=FACE_OUTER_BOUND('',#624,.T.);
#416=FACE_OUTER_BOUND('',#625,.T.);
#417=FACE_OUTER_BOUND('',#626,.T.);
#418=FACE_OUTER_BOUND('',#627,.T.);
#419=FACE_OUTER_BOUND('',#628,.T.);
#420=FACE_OUTER_BOUND('',#629,.T.);
#421=FACE_OUTER_BOUND('',#630,.T.);
#422=FACE_OUTER_BOUND('',#631,.T.);
#423=FACE_OUTER_BOUND('',#632,.T.);
#424=FACE_OUTER_BOUND('',#637,.T.);
#425=FACE_OUTER_BOUND('',#638,.T.);
#426=FACE_OUTER_BOUND('',#639,.T.);
#427=FACE_OUTER_BOUND('',#641,.T.);
#428=FACE_OUTER_BOUND('',#642,.T.);
#429=FACE_OUTER_BOUND('',#643,.T.);
#430=FACE_OUTER_BOUND('',#644,.T.);
#431=FACE_OUTER_BOUND('',#645,.T.);
#432=FACE_OUTER_BOUND('',#646,.T.);
#433=FACE_OUTER_BOUND('',#647,.T.);
#434=FACE_OUTER_BOUND('',#648,.T.);
#435=FACE_OUTER_BOUND('',#649,.T.);
#436=FACE_OUTER_BOUND('',#650,.T.);
#437=FACE_OUTER_BOUND('',#651,.T.);
#438=FACE_OUTER_BOUND('',#652,.T.);
#439=FACE_OUTER_BOUND('',#653,.T.);
#440=FACE_OUTER_BOUND('',#654,.T.);
#441=FACE_OUTER_BOUND('',#655,.T.);
#442=FACE_OUTER_BOUND('',#656,.T.);
#443=EDGE_LOOP('',(#2568,#2569,#2570,#2571));
#444=EDGE_LOOP('',(#2572,#2573,#2574,#2575));
#445=EDGE_LOOP('',(#2576,#2577,#2578,#2579));
#446=EDGE_LOOP('',(#2580,#2581,#2582,#2583));
#447=EDGE_LOOP('',(#2584,#2585,#2586,#2587));
#448=EDGE_LOOP('',(#2588,#2589,#2590,#2591));
#449=EDGE_LOOP('',(#2592,#2593,#2594,#2595));
#450=EDGE_LOOP('',(#2596,#2597,#2598,#2599));
#451=EDGE_LOOP('',(#2600,#2601,#2602,#2603));
#452=EDGE_LOOP('',(#2604,#2605,#2606,#2607));
#453=EDGE_LOOP('',(#2608,#2609,#2610,#2611));
#454=EDGE_LOOP('',(#2612,#2613,#2614,#2615));
#455=EDGE_LOOP('',(#2616,#2617,#2618,#2619));
#456=EDGE_LOOP('',(#2620,#2621,#2622,#2623));
#457=EDGE_LOOP('',(#2624,#2625,#2626,#2627));
#458=EDGE_LOOP('',(#2628,#2629,#2630,#2631));
#459=EDGE_LOOP('',(#2632,#2633,#2634,#2635));
#460=EDGE_LOOP('',(#2636,#2637,#2638,#2639));
#461=EDGE_LOOP('',(#2640,#2641,#2642,#2643));
#462=EDGE_LOOP('',(#2644,#2645,#2646,#2647));
#463=EDGE_LOOP('',(#2648,#2649,#2650,#2651));
#464=EDGE_LOOP('',(#2652,#2653,#2654,#2655));
#465=EDGE_LOOP('',(#2656,#2657,#2658,#2659));
#466=EDGE_LOOP('',(#2660,#2661,#2662,#2663));
#467=EDGE_LOOP('',(#2664,#2665,#2666,#2667));
#468=EDGE_LOOP('',(#2668,#2669,#2670,#2671));
#469=EDGE_LOOP('',(#2672,#2673,#2674,#2675));
#470=EDGE_LOOP('',(#2676,#2677,#2678,#2679));
#471=EDGE_LOOP('',(#2680,#2681,#2682,#2683));
#472=EDGE_LOOP('',(#2684,#2685,#2686,#2687));
#473=EDGE_LOOP('',(#2688,#2689,#2690,#2691,#2692,#2693,#2694,#2695,#2696,
#2697,#2698,#2699,#2700,#2701,#2702,#2703,#2704,#2705,#2706,#2707,#2708,
#2709,#2710,#2711,#2712,#2713,#2714,#2715,#2716,#2717,#2718,#2719,#2720,
#2721,#2722,#2723,#2724,#2725,#2726,#2727,#2728,#2729,#2730,#2731,#2732,
#2733,#2734,#2735,#2736,#2737,#2738,#2739,#2740,#2741,#2742,#2743,#2744,
#2745,#2746,#2747,#2748,#2749,#2750,#2751,#2752,#2753,#2754,#2755,#2756,
#2757,#2758,#2759,#2760,#2761,#2762,#2763,#2764,#2765,#2766,#2767,#2768,
#2769,#2770,#2771,#2772,#2773,#2774,#2775,#2776,#2777,#2778,#2779,#2780,
#2781,#2782,#2783,#2784,#2785,#2786,#2787,#2788,#2789,#2790,#2791,#2792,
#2793,#2794,#2795,#2796,#2797,#2798,#2799,#2800,#2801,#2802,#2803,#2804,
#2805,#2806,#2807));
#474=EDGE_LOOP('',(#2808,#2809,#2810,#2811));
#475=EDGE_LOOP('',(#2812));
#476=EDGE_LOOP('',(#2813));
#477=EDGE_LOOP('',(#2814,#2815,#2816,#2817));
#478=EDGE_LOOP('',(#2818,#2819,#2820,#2821));
#479=EDGE_LOOP('',(#2822,#2823,#2824,#2825));
#480=EDGE_LOOP('',(#2826,#2827,#2828,#2829));
#481=EDGE_LOOP('',(#2830,#2831,#2832,#2833));
#482=EDGE_LOOP('',(#2834,#2835,#2836,#2837));
#483=EDGE_LOOP('',(#2838,#2839,#2840,#2841));
#484=EDGE_LOOP('',(#2842,#2843,#2844,#2845));
#485=EDGE_LOOP('',(#2846,#2847,#2848,#2849));
#486=EDGE_LOOP('',(#2850,#2851,#2852,#2853));
#487=EDGE_LOOP('',(#2854,#2855,#2856,#2857));
#488=EDGE_LOOP('',(#2858,#2859,#2860,#2861));
#489=EDGE_LOOP('',(#2862,#2863,#2864,#2865));
#490=EDGE_LOOP('',(#2866,#2867,#2868,#2869));
#491=EDGE_LOOP('',(#2870,#2871,#2872,#2873));
#492=EDGE_LOOP('',(#2874,#2875,#2876,#2877));
#493=EDGE_LOOP('',(#2878,#2879,#2880,#2881));
#494=EDGE_LOOP('',(#2882,#2883,#2884,#2885));
#495=EDGE_LOOP('',(#2886,#2887,#2888,#2889));
#496=EDGE_LOOP('',(#2890,#2891,#2892,#2893));
#497=EDGE_LOOP('',(#2894,#2895,#2896,#2897));
#498=EDGE_LOOP('',(#2898,#2899,#2900,#2901));
#499=EDGE_LOOP('',(#2902,#2903,#2904,#2905));
#500=EDGE_LOOP('',(#2906,#2907,#2908,#2909));
#501=EDGE_LOOP('',(#2910,#2911,#2912,#2913));
#502=EDGE_LOOP('',(#2914,#2915,#2916,#2917));
#503=EDGE_LOOP('',(#2918,#2919,#2920,#2921));
#504=EDGE_LOOP('',(#2922,#2923,#2924,#2925));
#505=EDGE_LOOP('',(#2926,#2927,#2928,#2929));
#506=EDGE_LOOP('',(#2930,#2931,#2932,#2933));
#507=EDGE_LOOP('',(#2934,#2935,#2936,#2937));
#508=EDGE_LOOP('',(#2938,#2939,#2940,#2941));
#509=EDGE_LOOP('',(#2942,#2943,#2944,#2945));
#510=EDGE_LOOP('',(#2946,#2947,#2948,#2949));
#511=EDGE_LOOP('',(#2950,#2951,#2952,#2953));
#512=EDGE_LOOP('',(#2954,#2955,#2956,#2957));
#513=EDGE_LOOP('',(#2958,#2959,#2960,#2961));
#514=EDGE_LOOP('',(#2962,#2963,#2964,#2965));
#515=EDGE_LOOP('',(#2966,#2967,#2968,#2969));
#516=EDGE_LOOP('',(#2970,#2971,#2972,#2973));
#517=EDGE_LOOP('',(#2974,#2975,#2976,#2977));
#518=EDGE_LOOP('',(#2978,#2979,#2980,#2981));
#519=EDGE_LOOP('',(#2982,#2983,#2984,#2985));
#520=EDGE_LOOP('',(#2986,#2987,#2988,#2989));
#521=EDGE_LOOP('',(#2990,#2991,#2992,#2993));
#522=EDGE_LOOP('',(#2994,#2995,#2996,#2997));
#523=EDGE_LOOP('',(#2998,#2999,#3000,#3001));
#524=EDGE_LOOP('',(#3002,#3003,#3004,#3005));
#525=EDGE_LOOP('',(#3006,#3007,#3008,#3009));
#526=EDGE_LOOP('',(#3010,#3011,#3012,#3013));
#527=EDGE_LOOP('',(#3014,#3015,#3016,#3017));
#528=EDGE_LOOP('',(#3018,#3019,#3020,#3021));
#529=EDGE_LOOP('',(#3022,#3023,#3024,#3025));
#530=EDGE_LOOP('',(#3026,#3027,#3028,#3029));
#531=EDGE_LOOP('',(#3030,#3031,#3032,#3033));
#532=EDGE_LOOP('',(#3034,#3035,#3036,#3037));
#533=EDGE_LOOP('',(#3038,#3039,#3040,#3041));
#534=EDGE_LOOP('',(#3042,#3043,#3044,#3045));
#535=EDGE_LOOP('',(#3046,#3047,#3048,#3049));
#536=EDGE_LOOP('',(#3050,#3051,#3052,#3053));
#537=EDGE_LOOP('',(#3054,#3055,#3056,#3057));
#538=EDGE_LOOP('',(#3058,#3059,#3060,#3061));
#539=EDGE_LOOP('',(#3062,#3063,#3064,#3065));
#540=EDGE_LOOP('',(#3066,#3067,#3068,#3069));
#541=EDGE_LOOP('',(#3070,#3071,#3072,#3073));
#542=EDGE_LOOP('',(#3074,#3075,#3076,#3077));
#543=EDGE_LOOP('',(#3078,#3079,#3080,#3081));
#544=EDGE_LOOP('',(#3082,#3083,#3084,#3085));
#545=EDGE_LOOP('',(#3086,#3087,#3088,#3089));
#546=EDGE_LOOP('',(#3090,#3091,#3092,#3093));
#547=EDGE_LOOP('',(#3094,#3095,#3096,#3097));
#548=EDGE_LOOP('',(#3098,#3099,#3100,#3101));
#549=EDGE_LOOP('',(#3102,#3103,#3104,#3105));
#550=EDGE_LOOP('',(#3106,#3107,#3108,#3109));
#551=EDGE_LOOP('',(#3110,#3111,#3112,#3113));
#552=EDGE_LOOP('',(#3114,#3115,#3116,#3117));
#553=EDGE_LOOP('',(#3118,#3119,#3120,#3121));
#554=EDGE_LOOP('',(#3122,#3123,#3124,#3125));
#555=EDGE_LOOP('',(#3126,#3127,#3128,#3129));
#556=EDGE_LOOP('',(#3130,#3131,#3132,#3133));
#557=EDGE_LOOP('',(#3134,#3135,#3136,#3137));
#558=EDGE_LOOP('',(#3138,#3139,#3140,#3141));
#559=EDGE_LOOP('',(#3142,#3143,#3144,#3145));
#560=EDGE_LOOP('',(#3146,#3147,#3148,#3149));
#561=EDGE_LOOP('',(#3150));
#562=EDGE_LOOP('',(#3151));
#563=EDGE_LOOP('',(#3152,#3153,#3154,#3155));
#564=EDGE_LOOP('',(#3156,#3157,#3158,#3159));
#565=EDGE_LOOP('',(#3160,#3161,#3162,#3163));
#566=EDGE_LOOP('',(#3164,#3165,#3166,#3167));
#567=EDGE_LOOP('',(#3168,#3169,#3170,#3171));
#568=EDGE_LOOP('',(#3172,#3173,#3174,#3175));
#569=EDGE_LOOP('',(#3176,#3177,#3178,#3179));
#570=EDGE_LOOP('',(#3180,#3181,#3182,#3183));
#571=EDGE_LOOP('',(#3184,#3185,#3186,#3187));
#572=EDGE_LOOP('',(#3188,#3189,#3190,#3191));
#573=EDGE_LOOP('',(#3192,#3193,#3194,#3195));
#574=EDGE_LOOP('',(#3196,#3197,#3198,#3199));
#575=EDGE_LOOP('',(#3200,#3201,#3202,#3203));
#576=EDGE_LOOP('',(#3204,#3205,#3206,#3207));
#577=EDGE_LOOP('',(#3208,#3209,#3210,#3211));
#578=EDGE_LOOP('',(#3212,#3213,#3214,#3215));
#579=EDGE_LOOP('',(#3216,#3217,#3218,#3219));
#580=EDGE_LOOP('',(#3220,#3221,#3222,#3223));
#581=EDGE_LOOP('',(#3224,#3225,#3226,#3227));
#582=EDGE_LOOP('',(#3228,#3229,#3230,#3231));
#583=EDGE_LOOP('',(#3232,#3233,#3234,#3235));
#584=EDGE_LOOP('',(#3236,#3237,#3238,#3239));
#585=EDGE_LOOP('',(#3240,#3241,#3242,#3243));
#586=EDGE_LOOP('',(#3244,#3245,#3246,#3247));
#587=EDGE_LOOP('',(#3248,#3249,#3250,#3251));
#588=EDGE_LOOP('',(#3252,#3253,#3254,#3255));
#589=EDGE_LOOP('',(#3256,#3257,#3258,#3259));
#590=EDGE_LOOP('',(#3260,#3261,#3262,#3263));
#591=EDGE_LOOP('',(#3264,#3265,#3266,#3267));
#592=EDGE_LOOP('',(#3268,#3269,#3270,#3271));
#593=EDGE_LOOP('',(#3272,#3273,#3274,#3275));
#594=EDGE_LOOP('',(#3276,#3277,#3278,#3279));
#595=EDGE_LOOP('',(#3280,#3281,#3282,#3283));
#596=EDGE_LOOP('',(#3284,#3285,#3286,#3287));
#597=EDGE_LOOP('',(#3288,#3289,#3290,#3291));
#598=EDGE_LOOP('',(#3292,#3293,#3294,#3295));
#599=EDGE_LOOP('',(#3296,#3297,#3298,#3299));
#600=EDGE_LOOP('',(#3300,#3301,#3302,#3303));
#601=EDGE_LOOP('',(#3304,#3305,#3306,#3307));
#602=EDGE_LOOP('',(#3308,#3309,#3310,#3311));
#603=EDGE_LOOP('',(#3312,#3313,#3314,#3315));
#604=EDGE_LOOP('',(#3316,#3317,#3318,#3319));
#605=EDGE_LOOP('',(#3320,#3321,#3322,#3323));
#606=EDGE_LOOP('',(#3324,#3325,#3326,#3327));
#607=EDGE_LOOP('',(#3328,#3329,#3330,#3331));
#608=EDGE_LOOP('',(#3332,#3333,#3334,#3335));
#609=EDGE_LOOP('',(#3336,#3337,#3338,#3339));
#610=EDGE_LOOP('',(#3340,#3341,#3342,#3343));
#611=EDGE_LOOP('',(#3344,#3345,#3346,#3347));
#612=EDGE_LOOP('',(#3348,#3349,#3350,#3351));
#613=EDGE_LOOP('',(#3352,#3353,#3354,#3355));
#614=EDGE_LOOP('',(#3356,#3357,#3358,#3359));
#615=EDGE_LOOP('',(#3360,#3361,#3362,#3363));
#616=EDGE_LOOP('',(#3364,#3365,#3366,#3367));
#617=EDGE_LOOP('',(#3368,#3369,#3370,#3371));
#618=EDGE_LOOP('',(#3372,#3373,#3374,#3375));
#619=EDGE_LOOP('',(#3376,#3377,#3378,#3379));
#620=EDGE_LOOP('',(#3380,#3381,#3382,#3383));
#621=EDGE_LOOP('',(#3384,#3385,#3386,#3387));
#622=EDGE_LOOP('',(#3388,#3389,#3390,#3391));
#623=EDGE_LOOP('',(#3392,#3393,#3394,#3395));
#624=EDGE_LOOP('',(#3396,#3397,#3398,#3399));
#625=EDGE_LOOP('',(#3400,#3401,#3402,#3403));
#626=EDGE_LOOP('',(#3404,#3405,#3406,#3407));
#627=EDGE_LOOP('',(#3408,#3409,#3410,#3411));
#628=EDGE_LOOP('',(#3412,#3413,#3414,#3415));
#629=EDGE_LOOP('',(#3416,#3417,#3418,#3419));
#630=EDGE_LOOP('',(#3420,#3421,#3422,#3423));
#631=EDGE_LOOP('',(#3424,#3425,#3426,#3427,#3428,#3429,#3430,#3431,#3432,
#3433,#3434,#3435,#3436,#3437,#3438,#3439,#3440,#3441,#3442,#3443,#3444,
#3445,#3446,#3447,#3448,#3449,#3450,#3451,#3452,#3453,#3454,#3455,#3456,
#3457,#3458,#3459,#3460,#3461,#3462,#3463,#3464,#3465,#3466,#3467,#3468,
#3469,#3470,#3471,#3472,#3473,#3474,#3475,#3476,#3477,#3478,#3479,#3480,
#3481,#3482,#3483,#3484,#3485,#3486,#3487,#3488,#3489,#3490,#3491,#3492,
#3493,#3494,#3495,#3496,#3497,#3498,#3499,#3500,#3501,#3502,#3503,#3504,
#3505,#3506,#3507,#3508,#3509,#3510,#3511,#3512,#3513,#3514,#3515,#3516,
#3517,#3518,#3519,#3520,#3521,#3522,#3523,#3524,#3525,#3526,#3527,#3528,
#3529,#3530,#3531,#3532,#3533,#3534,#3535,#3536,#3537,#3538,#3539,#3540,
#3541,#3542,#3543));
#632=EDGE_LOOP('',(#3544,#3545,#3546,#3547));
#633=EDGE_LOOP('',(#3548));
#634=EDGE_LOOP('',(#3549));
#635=EDGE_LOOP('',(#3550));
#636=EDGE_LOOP('',(#3551));
#637=EDGE_LOOP('',(#3552,#3553,#3554,#3555));
#638=EDGE_LOOP('',(#3556,#3557,#3558,#3559));
#639=EDGE_LOOP('',(#3560));
#640=EDGE_LOOP('',(#3561,#3562,#3563,#3564,#3565,#3566));
#641=EDGE_LOOP('',(#3567,#3568,#3569,#3570));
#642=EDGE_LOOP('',(#3571,#3572,#3573));
#643=EDGE_LOOP('',(#3574,#3575,#3576));
#644=EDGE_LOOP('',(#3577,#3578,#3579));
#645=EDGE_LOOP('',(#3580,#3581,#3582));
#646=EDGE_LOOP('',(#3583,#3584,#3585));
#647=EDGE_LOOP('',(#3586,#3587,#3588));
#648=EDGE_LOOP('',(#3589,#3590,#3591,#3592));
#649=EDGE_LOOP('',(#3593,#3594,#3595,#3596));
#650=EDGE_LOOP('',(#3597,#3598,#3599,#3600));
#651=EDGE_LOOP('',(#3601,#3602,#3603,#3604));
#652=EDGE_LOOP('',(#3605,#3606,#3607,#3608));
#653=EDGE_LOOP('',(#3609,#3610,#3611,#3612));
#654=EDGE_LOOP('',(#3613,#3614,#3615,#3616));
#655=EDGE_LOOP('',(#3617));
#656=EDGE_LOOP('',(#3618));
#657=EDGE_LOOP('',(#3619));
#658=LINE('',#5017,#1169);
#659=LINE('',#5023,#1170);
#660=LINE('',#5029,#1171);
#661=LINE('',#5035,#1172);
#662=LINE('',#5040,#1173);
#663=LINE('',#5042,#1174);
#664=LINE('',#5044,#1175);
#665=LINE('',#5045,#1176);
#666=LINE('',#5049,#1177);
#667=LINE('',#5051,#1178);
#668=LINE('',#5053,#1179);
#669=LINE('',#5054,#1180);
#670=LINE('',#5058,#1181);
#671=LINE('',#5060,#1182);
#672=LINE('',#5062,#1183);
#673=LINE('',#5063,#1184);
#674=LINE('',#5067,#1185);
#675=LINE('',#5069,#1186);
#676=LINE('',#5071,#1187);
#677=LINE('',#5072,#1188);
#678=LINE('',#5076,#1189);
#679=LINE('',#5078,#1190);
#680=LINE('',#5080,#1191);
#681=LINE('',#5081,#1192);
#682=LINE('',#5085,#1193);
#683=LINE('',#5087,#1194);
#684=LINE('',#5089,#1195);
#685=LINE('',#5090,#1196);
#686=LINE('',#5094,#1197);
#687=LINE('',#5096,#1198);
#688=LINE('',#5098,#1199);
#689=LINE('',#5099,#1200);
#690=LINE('',#5103,#1201);
#691=LINE('',#5105,#1202);
#692=LINE('',#5107,#1203);
#693=LINE('',#5108,#1204);
#694=LINE('',#5112,#1205);
#695=LINE('',#5114,#1206);
#696=LINE('',#5116,#1207);
#697=LINE('',#5117,#1208);
#698=LINE('',#5121,#1209);
#699=LINE('',#5123,#1210);
#700=LINE('',#5125,#1211);
#701=LINE('',#5126,#1212);
#702=LINE('',#5130,#1213);
#703=LINE('',#5132,#1214);
#704=LINE('',#5134,#1215);
#705=LINE('',#5135,#1216);
#706=LINE('',#5139,#1217);
#707=LINE('',#5141,#1218);
#708=LINE('',#5143,#1219);
#709=LINE('',#5144,#1220);
#710=LINE('',#5148,#1221);
#711=LINE('',#5150,#1222);
#712=LINE('',#5152,#1223);
#713=LINE('',#5153,#1224);
#714=LINE('',#5157,#1225);
#715=LINE('',#5159,#1226);
#716=LINE('',#5161,#1227);
#717=LINE('',#5162,#1228);
#718=LINE('',#5166,#1229);
#719=LINE('',#5168,#1230);
#720=LINE('',#5170,#1231);
#721=LINE('',#5171,#1232);
#722=LINE('',#5175,#1233);
#723=LINE('',#5177,#1234);
#724=LINE('',#5179,#1235);
#725=LINE('',#5180,#1236);
#726=LINE('',#5184,#1237);
#727=LINE('',#5186,#1238);
#728=LINE('',#5188,#1239);
#729=LINE('',#5189,#1240);
#730=LINE('',#5193,#1241);
#731=LINE('',#5195,#1242);
#732=LINE('',#5197,#1243);
#733=LINE('',#5198,#1244);
#734=LINE('',#5202,#1245);
#735=LINE('',#5204,#1246);
#736=LINE('',#5206,#1247);
#737=LINE('',#5207,#1248);
#738=LINE('',#5211,#1249);
#739=LINE('',#5213,#1250);
#740=LINE('',#5215,#1251);
#741=LINE('',#5216,#1252);
#742=LINE('',#5218,#1253);
#743=LINE('',#5219,#1254);
#744=LINE('',#5221,#1255);
#745=LINE('',#5223,#1256);
#746=LINE('',#5225,#1257);
#747=LINE('',#5226,#1258);
#748=LINE('',#5228,#1259);
#749=LINE('',#5230,#1260);
#750=LINE('',#5234,#1261);
#751=LINE('',#5236,#1262);
#752=LINE('',#5238,#1263);
#753=LINE('',#5240,#1264);
#754=LINE('',#5242,#1265);
#755=LINE('',#5244,#1266);
#756=LINE('',#5246,#1267);
#757=LINE('',#5248,#1268);
#758=LINE('',#5250,#1269);
#759=LINE('',#5252,#1270);
#760=LINE('',#5254,#1271);
#761=LINE('',#5256,#1272);
#762=LINE('',#5258,#1273);
#763=LINE('',#5260,#1274);
#764=LINE('',#5262,#1275);
#765=LINE('',#5264,#1276);
#766=LINE('',#5266,#1277);
#767=LINE('',#5268,#1278);
#768=LINE('',#5270,#1279);
#769=LINE('',#5272,#1280);
#770=LINE('',#5274,#1281);
#771=LINE('',#5276,#1282);
#772=LINE('',#5278,#1283);
#773=LINE('',#5280,#1284);
#774=LINE('',#5282,#1285);
#775=LINE('',#5284,#1286);
#776=LINE('',#5286,#1287);
#777=LINE('',#5288,#1288);
#778=LINE('',#5290,#1289);
#779=LINE('',#5292,#1290);
#780=LINE('',#5294,#1291);
#781=LINE('',#5296,#1292);
#782=LINE('',#5298,#1293);
#783=LINE('',#5300,#1294);
#784=LINE('',#5302,#1295);
#785=LINE('',#5304,#1296);
#786=LINE('',#5306,#1297);
#787=LINE('',#5308,#1298);
#788=LINE('',#5310,#1299);
#789=LINE('',#5312,#1300);
#790=LINE('',#5314,#1301);
#791=LINE('',#5316,#1302);
#792=LINE('',#5318,#1303);
#793=LINE('',#5320,#1304);
#794=LINE('',#5322,#1305);
#795=LINE('',#5324,#1306);
#796=LINE('',#5326,#1307);
#797=LINE('',#5328,#1308);
#798=LINE('',#5330,#1309);
#799=LINE('',#5332,#1310);
#800=LINE('',#5334,#1311);
#801=LINE('',#5336,#1312);
#802=LINE('',#5338,#1313);
#803=LINE('',#5340,#1314);
#804=LINE('',#5342,#1315);
#805=LINE('',#5344,#1316);
#806=LINE('',#5346,#1317);
#807=LINE('',#5348,#1318);
#808=LINE('',#5350,#1319);
#809=LINE('',#5352,#1320);
#810=LINE('',#5354,#1321);
#811=LINE('',#5356,#1322);
#812=LINE('',#5358,#1323);
#813=LINE('',#5360,#1324);
#814=LINE('',#5362,#1325);
#815=LINE('',#5364,#1326);
#816=LINE('',#5366,#1327);
#817=LINE('',#5368,#1328);
#818=LINE('',#5370,#1329);
#819=LINE('',#5372,#1330);
#820=LINE('',#5374,#1331);
#821=LINE('',#5376,#1332);
#822=LINE('',#5378,#1333);
#823=LINE('',#5380,#1334);
#824=LINE('',#5382,#1335);
#825=LINE('',#5384,#1336);
#826=LINE('',#5386,#1337);
#827=LINE('',#5388,#1338);
#828=LINE('',#5390,#1339);
#829=LINE('',#5392,#1340);
#830=LINE('',#5394,#1341);
#831=LINE('',#5396,#1342);
#832=LINE('',#5398,#1343);
#833=LINE('',#5400,#1344);
#834=LINE('',#5402,#1345);
#835=LINE('',#5404,#1346);
#836=LINE('',#5406,#1347);
#837=LINE('',#5408,#1348);
#838=LINE('',#5410,#1349);
#839=LINE('',#5412,#1350);
#840=LINE('',#5414,#1351);
#841=LINE('',#5416,#1352);
#842=LINE('',#5418,#1353);
#843=LINE('',#5420,#1354);
#844=LINE('',#5422,#1355);
#845=LINE('',#5424,#1356);
#846=LINE('',#5426,#1357);
#847=LINE('',#5428,#1358);
#848=LINE('',#5430,#1359);
#849=LINE('',#5432,#1360);
#850=LINE('',#5434,#1361);
#851=LINE('',#5436,#1362);
#852=LINE('',#5438,#1363);
#853=LINE('',#5440,#1364);
#854=LINE('',#5442,#1365);
#855=LINE('',#5444,#1366);
#856=LINE('',#5446,#1367);
#857=LINE('',#5448,#1368);
#858=LINE('',#5450,#1369);
#859=LINE('',#5452,#1370);
#860=LINE('',#5454,#1371);
#861=LINE('',#5456,#1372);
#862=LINE('',#5458,#1373);
#863=LINE('',#5460,#1374);
#864=LINE('',#5462,#1375);
#865=LINE('',#5464,#1376);
#866=LINE('',#5466,#1377);
#867=LINE('',#5468,#1378);
#868=LINE('',#5470,#1379);
#869=LINE('',#5471,#1380);
#870=LINE('',#5474,#1381);
#871=LINE('',#5476,#1382);
#872=LINE('',#5477,#1383);
#873=LINE('',#5478,#1384);
#874=LINE('',#5479,#1385);
#875=LINE('',#5480,#1386);
#876=LINE('',#5481,#1387);
#877=LINE('',#5482,#1388);
#878=LINE('',#5483,#1389);
#879=LINE('',#5484,#1390);
#880=LINE('',#5485,#1391);
#881=LINE('',#5486,#1392);
#882=LINE('',#5487,#1393);
#883=LINE('',#5489,#1394);
#884=LINE('',#5490,#1395);
#885=LINE('',#5494,#1396);
#886=LINE('',#5496,#1397);
#887=LINE('',#5499,#1398);
#888=LINE('',#5500,#1399);
#889=LINE('',#5505,#1400);
#890=LINE('',#5507,#1401);
#891=LINE('',#5508,#1402);
#892=LINE('',#5511,#1403);
#893=LINE('',#5512,#1404);
#894=LINE('',#5515,#1405);
#895=LINE('',#5516,#1406);
#896=LINE('',#5518,#1407);
#897=LINE('',#5519,#1408);
#898=LINE('',#5521,#1409);
#899=LINE('',#5522,#1410);
#900=LINE('',#5526,#1411);
#901=LINE('',#5528,#1412);
#902=LINE('',#5529,#1413);
#903=LINE('',#5532,#1414);
#904=LINE('',#5534,#1415);
#905=LINE('',#5535,#1416);
#906=LINE('',#5537,#1417);
#907=LINE('',#5540,#1418);
#908=LINE('',#5541,#1419);
#909=LINE('',#5544,#1420);
#910=LINE('',#5546,#1421);
#911=LINE('',#5547,#1422);
#912=LINE('',#5550,#1423);
#913=LINE('',#5552,#1424);
#914=LINE('',#5553,#1425);
#915=LINE('',#5555,#1426);
#916=LINE('',#5558,#1427);
#917=LINE('',#5559,#1428);
#918=LINE('',#5562,#1429);
#919=LINE('',#5564,#1430);
#920=LINE('',#5565,#1431);
#921=LINE('',#5568,#1432);
#922=LINE('',#5570,#1433);
#923=LINE('',#5571,#1434);
#924=LINE('',#5573,#1435);
#925=LINE('',#5576,#1436);
#926=LINE('',#5577,#1437);
#927=LINE('',#5580,#1438);
#928=LINE('',#5582,#1439);
#929=LINE('',#5583,#1440);
#930=LINE('',#5586,#1441);
#931=LINE('',#5588,#1442);
#932=LINE('',#5589,#1443);
#933=LINE('',#5591,#1444);
#934=LINE('',#5594,#1445);
#935=LINE('',#5595,#1446);
#936=LINE('',#5598,#1447);
#937=LINE('',#5600,#1448);
#938=LINE('',#5601,#1449);
#939=LINE('',#5604,#1450);
#940=LINE('',#5606,#1451);
#941=LINE('',#5607,#1452);
#942=LINE('',#5609,#1453);
#943=LINE('',#5612,#1454);
#944=LINE('',#5613,#1455);
#945=LINE('',#5616,#1456);
#946=LINE('',#5618,#1457);
#947=LINE('',#5619,#1458);
#948=LINE('',#5622,#1459);
#949=LINE('',#5624,#1460);
#950=LINE('',#5625,#1461);
#951=LINE('',#5627,#1462);
#952=LINE('',#5630,#1463);
#953=LINE('',#5631,#1464);
#954=LINE('',#5634,#1465);
#955=LINE('',#5635,#1466);
#956=LINE('',#5638,#1467);
#957=LINE('',#5639,#1468);
#958=LINE('',#5641,#1469);
#959=LINE('',#5643,#1470);
#960=LINE('',#5645,#1471);
#961=LINE('',#5649,#1472);
#962=LINE('',#5650,#1473);
#963=LINE('',#5653,#1474);
#964=LINE('',#5655,#1475);
#965=LINE('',#5656,#1476);
#966=LINE('',#5658,#1477);
#967=LINE('',#5661,#1478);
#968=LINE('',#5662,#1479);
#969=LINE('',#5665,#1480);
#970=LINE('',#5666,#1481);
#971=LINE('',#5669,#1482);
#972=LINE('',#5671,#1483);
#973=LINE('',#5672,#1484);
#974=LINE('',#5674,#1485);
#975=LINE('',#5677,#1486);
#976=LINE('',#5678,#1487);
#977=LINE('',#5681,#1488);
#978=LINE('',#5682,#1489);
#979=LINE('',#5685,#1490);
#980=LINE('',#5687,#1491);
#981=LINE('',#5688,#1492);
#982=LINE('',#5690,#1493);
#983=LINE('',#5693,#1494);
#984=LINE('',#5694,#1495);
#985=LINE('',#5697,#1496);
#986=LINE('',#5698,#1497);
#987=LINE('',#5701,#1498);
#988=LINE('',#5703,#1499);
#989=LINE('',#5704,#1500);
#990=LINE('',#5706,#1501);
#991=LINE('',#5709,#1502);
#992=LINE('',#5710,#1503);
#993=LINE('',#5713,#1504);
#994=LINE('',#5714,#1505);
#995=LINE('',#5717,#1506);
#996=LINE('',#5719,#1507);
#997=LINE('',#5720,#1508);
#998=LINE('',#5722,#1509);
#999=LINE('',#5725,#1510);
#1000=LINE('',#5726,#1511);
#1001=LINE('',#5728,#1512);
#1002=LINE('',#5729,#1513);
#1003=LINE('',#5731,#1514);
#1004=LINE('',#5732,#1515);
#1005=LINE('',#5736,#1516);
#1006=LINE('',#5738,#1517);
#1007=LINE('',#5739,#1518);
#1008=LINE('',#5742,#1519);
#1009=LINE('',#5744,#1520);
#1010=LINE('',#5745,#1521);
#1011=LINE('',#5747,#1522);
#1012=LINE('',#5750,#1523);
#1013=LINE('',#5751,#1524);
#1014=LINE('',#5754,#1525);
#1015=LINE('',#5756,#1526);
#1016=LINE('',#5757,#1527);
#1017=LINE('',#5760,#1528);
#1018=LINE('',#5761,#1529);
#1019=LINE('',#5763,#1530);
#1020=LINE('',#5766,#1531);
#1021=LINE('',#5768,#1532);
#1022=LINE('',#5769,#1533);
#1023=LINE('',#5772,#1534);
#1024=LINE('',#5774,#1535);
#1025=LINE('',#5775,#1536);
#1026=LINE('',#5777,#1537);
#1027=LINE('',#5779,#1538);
#1028=LINE('',#5780,#1539);
#1029=LINE('',#5781,#1540);
#1030=LINE('',#5784,#1541);
#1031=LINE('',#5786,#1542);
#1032=LINE('',#5787,#1543);
#1033=LINE('',#5790,#1544);
#1034=LINE('',#5792,#1545);
#1035=LINE('',#5793,#1546);
#1036=LINE('',#5795,#1547);
#1037=LINE('',#5797,#1548);
#1038=LINE('',#5800,#1549);
#1039=LINE('',#5802,#1550);
#1040=LINE('',#5803,#1551);
#1041=LINE('',#5806,#1552);
#1042=LINE('',#5808,#1553);
#1043=LINE('',#5809,#1554);
#1044=LINE('',#5811,#1555);
#1045=LINE('',#5813,#1556);
#1046=LINE('',#5816,#1557);
#1047=LINE('',#5818,#1558);
#1048=LINE('',#5819,#1559);
#1049=LINE('',#5822,#1560);
#1050=LINE('',#5824,#1561);
#1051=LINE('',#5825,#1562);
#1052=LINE('',#5827,#1563);
#1053=LINE('',#5829,#1564);
#1054=LINE('',#5832,#1565);
#1055=LINE('',#5834,#1566);
#1056=LINE('',#5835,#1567);
#1057=LINE('',#5838,#1568);
#1058=LINE('',#5840,#1569);
#1059=LINE('',#5841,#1570);
#1060=LINE('',#5843,#1571);
#1061=LINE('',#5845,#1572);
#1062=LINE('',#5848,#1573);
#1063=LINE('',#5850,#1574);
#1064=LINE('',#5851,#1575);
#1065=LINE('',#5854,#1576);
#1066=LINE('',#5856,#1577);
#1067=LINE('',#5857,#1578);
#1068=LINE('',#5859,#1579);
#1069=LINE('',#5861,#1580);
#1070=LINE('',#5864,#1581);
#1071=LINE('',#5866,#1582);
#1072=LINE('',#5867,#1583);
#1073=LINE('',#5870,#1584);
#1074=LINE('',#5872,#1585);
#1075=LINE('',#5873,#1586);
#1076=LINE('',#5875,#1587);
#1077=LINE('',#5877,#1588);
#1078=LINE('',#5880,#1589);
#1079=LINE('',#5882,#1590);
#1080=LINE('',#5883,#1591);
#1081=LINE('',#5886,#1592);
#1082=LINE('',#5887,#1593);
#1083=LINE('',#5889,#1594);
#1084=LINE('',#5891,#1595);
#1085=LINE('',#5893,#1596);
#1086=LINE('',#5897,#1597);
#1087=LINE('',#5898,#1598);
#1088=LINE('',#5901,#1599);
#1089=LINE('',#5903,#1600);
#1090=LINE('',#5904,#1601);
#1091=LINE('',#5906,#1602);
#1092=LINE('',#5908,#1603);
#1093=LINE('',#5911,#1604);
#1094=LINE('',#5912,#1605);
#1095=LINE('',#5915,#1606);
#1096=LINE('',#5917,#1607);
#1097=LINE('',#5918,#1608);
#1098=LINE('',#5920,#1609);
#1099=LINE('',#5922,#1610);
#1100=LINE('',#5925,#1611);
#1101=LINE('',#5926,#1612);
#1102=LINE('',#5929,#1613);
#1103=LINE('',#5931,#1614);
#1104=LINE('',#5932,#1615);
#1105=LINE('',#5934,#1616);
#1106=LINE('',#5936,#1617);
#1107=LINE('',#5939,#1618);
#1108=LINE('',#5940,#1619);
#1109=LINE('',#5943,#1620);
#1110=LINE('',#5945,#1621);
#1111=LINE('',#5946,#1622);
#1112=LINE('',#5948,#1623);
#1113=LINE('',#5950,#1624);
#1114=LINE('',#5953,#1625);
#1115=LINE('',#5954,#1626);
#1116=LINE('',#5957,#1627);
#1117=LINE('',#5959,#1628);
#1118=LINE('',#5960,#1629);
#1119=LINE('',#5962,#1630);
#1120=LINE('',#5964,#1631);
#1121=LINE('',#5967,#1632);
#1122=LINE('',#5968,#1633);
#1123=LINE('',#5971,#1634);
#1124=LINE('',#5973,#1635);
#1125=LINE('',#5974,#1636);
#1126=LINE('',#5976,#1637);
#1127=LINE('',#5978,#1638);
#1128=LINE('',#5980,#1639);
#1129=LINE('',#5982,#1640);
#1130=LINE('',#5986,#1641);
#1131=LINE('',#5987,#1642);
#1132=LINE('',#5990,#1643);
#1133=LINE('',#5992,#1644);
#1134=LINE('',#5993,#1645);
#1135=LINE('',#5995,#1646);
#1136=LINE('',#5997,#1647);
#1137=LINE('',#6000,#1648);
#1138=LINE('',#6001,#1649);
#1139=LINE('',#6004,#1650);
#1140=LINE('',#6005,#1651);
#1141=LINE('',#6007,#1652);
#1142=LINE('',#6014,#1653);
#1143=LINE('',#6025,#1654);
#1144=LINE('',#6027,#1655);
#1145=LINE('',#6029,#1656);
#1146=LINE('',#6031,#1657);
#1147=LINE('',#6033,#1658);
#1148=LINE('',#6034,#1659);
#1149=LINE('',#6038,#1660);
#1150=LINE('',#6042,#1661);
#1151=LINE('',#6044,#1662);
#1152=LINE('',#6045,#1663);
#1153=LINE('',#6048,#1664);
#1154=LINE('',#6049,#1665);
#1155=LINE('',#6052,#1666);
#1156=LINE('',#6053,#1667);
#1157=LINE('',#6056,#1668);
#1158=LINE('',#6057,#1669);
#1159=LINE('',#6060,#1670);
#1160=LINE('',#6061,#1671);
#1161=LINE('',#6063,#1672);
#1162=LINE('',#6065,#1673);
#1163=LINE('',#6066,#1674);
#1164=LINE('',#6068,#1675);
#1165=LINE('',#6070,#1676);
#1166=LINE('',#6072,#1677);
#1167=LINE('',#6074,#1678);
#1168=LINE('',#6078,#1679);
#1169=VECTOR('',#4072,2.25);
#1170=VECTOR('',#4079,2.25);
#1171=VECTOR('',#4086,2.25);
#1172=VECTOR('',#4093,2.25);
#1173=VECTOR('',#4098,10.);
#1174=VECTOR('',#4099,10.);
#1175=VECTOR('',#4100,10.);
#1176=VECTOR('',#4101,10.);
#1177=VECTOR('',#4104,10.);
#1178=VECTOR('',#4105,10.);
#1179=VECTOR('',#4106,10.);
#1180=VECTOR('',#4107,10.);
#1181=VECTOR('',#4110,10.);
#1182=VECTOR('',#4111,10.);
#1183=VECTOR('',#4112,10.);
#1184=VECTOR('',#4113,10.);
#1185=VECTOR('',#4116,10.);
#1186=VECTOR('',#4117,10.);
#1187=VECTOR('',#4118,10.);
#1188=VECTOR('',#4119,10.);
#1189=VECTOR('',#4122,10.);
#1190=VECTOR('',#4123,10.);
#1191=VECTOR('',#4124,10.);
#1192=VECTOR('',#4125,10.);
#1193=VECTOR('',#4128,10.);
#1194=VECTOR('',#4129,10.);
#1195=VECTOR('',#4130,10.);
#1196=VECTOR('',#4131,10.);
#1197=VECTOR('',#4134,10.);
#1198=VECTOR('',#4135,10.);
#1199=VECTOR('',#4136,10.);
#1200=VECTOR('',#4137,10.);
#1201=VECTOR('',#4140,10.);
#1202=VECTOR('',#4141,10.);
#1203=VECTOR('',#4142,10.);
#1204=VECTOR('',#4143,10.);
#1205=VECTOR('',#4146,10.);
#1206=VECTOR('',#4147,10.);
#1207=VECTOR('',#4148,10.);
#1208=VECTOR('',#4149,10.);
#1209=VECTOR('',#4152,10.);
#1210=VECTOR('',#4153,10.);
#1211=VECTOR('',#4154,10.);
#1212=VECTOR('',#4155,10.);
#1213=VECTOR('',#4158,10.);
#1214=VECTOR('',#4159,10.);
#1215=VECTOR('',#4160,10.);
#1216=VECTOR('',#4161,10.);
#1217=VECTOR('',#4164,10.);
#1218=VECTOR('',#4165,10.);
#1219=VECTOR('',#4166,10.);
#1220=VECTOR('',#4167,10.);
#1221=VECTOR('',#4170,10.);
#1222=VECTOR('',#4171,10.);
#1223=VECTOR('',#4172,10.);
#1224=VECTOR('',#4173,10.);
#1225=VECTOR('',#4176,10.);
#1226=VECTOR('',#4177,10.);
#1227=VECTOR('',#4178,10.);
#1228=VECTOR('',#4179,10.);
#1229=VECTOR('',#4182,10.);
#1230=VECTOR('',#4183,10.);
#1231=VECTOR('',#4184,10.);
#1232=VECTOR('',#4185,10.);
#1233=VECTOR('',#4188,10.);
#1234=VECTOR('',#4189,10.);
#1235=VECTOR('',#4190,10.);
#1236=VECTOR('',#4191,10.);
#1237=VECTOR('',#4194,10.);
#1238=VECTOR('',#4195,10.);
#1239=VECTOR('',#4196,10.);
#1240=VECTOR('',#4197,10.);
#1241=VECTOR('',#4200,10.);
#1242=VECTOR('',#4201,10.);
#1243=VECTOR('',#4202,10.);
#1244=VECTOR('',#4203,10.);
#1245=VECTOR('',#4206,10.);
#1246=VECTOR('',#4207,10.);
#1247=VECTOR('',#4208,10.);
#1248=VECTOR('',#4209,10.);
#1249=VECTOR('',#4212,10.);
#1250=VECTOR('',#4213,10.);
#1251=VECTOR('',#4214,10.);
#1252=VECTOR('',#4215,10.);
#1253=VECTOR('',#4218,10.);
#1254=VECTOR('',#4219,10.);
#1255=VECTOR('',#4222,10.);
#1256=VECTOR('',#4225,10.);
#1257=VECTOR('',#4228,10.);
#1258=VECTOR('',#4229,10.);
#1259=VECTOR('',#4232,10.);
#1260=VECTOR('',#4235,10.);
#1261=VECTOR('',#4238,10.);
#1262=VECTOR('',#4239,10.);
#1263=VECTOR('',#4240,10.);
#1264=VECTOR('',#4241,10.);
#1265=VECTOR('',#4242,10.);
#1266=VECTOR('',#4243,10.);
#1267=VECTOR('',#4244,10.);
#1268=VECTOR('',#4245,10.);
#1269=VECTOR('',#4246,10.);
#1270=VECTOR('',#4247,10.);
#1271=VECTOR('',#4248,10.);
#1272=VECTOR('',#4249,10.);
#1273=VECTOR('',#4250,10.);
#1274=VECTOR('',#4251,10.);
#1275=VECTOR('',#4252,10.);
#1276=VECTOR('',#4253,10.);
#1277=VECTOR('',#4254,10.);
#1278=VECTOR('',#4255,10.);
#1279=VECTOR('',#4256,10.);
#1280=VECTOR('',#4257,10.);
#1281=VECTOR('',#4258,10.);
#1282=VECTOR('',#4259,10.);
#1283=VECTOR('',#4260,10.);
#1284=VECTOR('',#4261,10.);
#1285=VECTOR('',#4262,10.);
#1286=VECTOR('',#4263,10.);
#1287=VECTOR('',#4264,10.);
#1288=VECTOR('',#4265,10.);
#1289=VECTOR('',#4266,10.);
#1290=VECTOR('',#4267,10.);
#1291=VECTOR('',#4268,10.);
#1292=VECTOR('',#4269,10.);
#1293=VECTOR('',#4270,10.);
#1294=VECTOR('',#4271,10.);
#1295=VECTOR('',#4272,10.);
#1296=VECTOR('',#4273,10.);
#1297=VECTOR('',#4274,10.);
#1298=VECTOR('',#4275,10.);
#1299=VECTOR('',#4276,10.);
#1300=VECTOR('',#4277,10.);
#1301=VECTOR('',#4278,10.);
#1302=VECTOR('',#4279,10.);
#1303=VECTOR('',#4280,10.);
#1304=VECTOR('',#4281,10.);
#1305=VECTOR('',#4282,10.);
#1306=VECTOR('',#4283,10.);
#1307=VECTOR('',#4284,10.);
#1308=VECTOR('',#4285,10.);
#1309=VECTOR('',#4286,10.);
#1310=VECTOR('',#4287,10.);
#1311=VECTOR('',#4288,10.);
#1312=VECTOR('',#4289,10.);
#1313=VECTOR('',#4290,10.);
#1314=VECTOR('',#4291,10.);
#1315=VECTOR('',#4292,10.);
#1316=VECTOR('',#4293,10.);
#1317=VECTOR('',#4294,10.);
#1318=VECTOR('',#4295,10.);
#1319=VECTOR('',#4296,10.);
#1320=VECTOR('',#4297,10.);
#1321=VECTOR('',#4298,10.);
#1322=VECTOR('',#4299,10.);
#1323=VECTOR('',#4300,10.);
#1324=VECTOR('',#4301,10.);
#1325=VECTOR('',#4302,10.);
#1326=VECTOR('',#4303,10.);
#1327=VECTOR('',#4304,10.);
#1328=VECTOR('',#4305,10.);
#1329=VECTOR('',#4306,10.);
#1330=VECTOR('',#4307,10.);
#1331=VECTOR('',#4308,10.);
#1332=VECTOR('',#4309,10.);
#1333=VECTOR('',#4310,10.);
#1334=VECTOR('',#4311,10.);
#1335=VECTOR('',#4312,10.);
#1336=VECTOR('',#4313,10.);
#1337=VECTOR('',#4314,10.);
#1338=VECTOR('',#4315,10.);
#1339=VECTOR('',#4316,10.);
#1340=VECTOR('',#4317,10.);
#1341=VECTOR('',#4318,10.);
#1342=VECTOR('',#4319,10.);
#1343=VECTOR('',#4320,10.);
#1344=VECTOR('',#4321,10.);
#1345=VECTOR('',#4322,10.);
#1346=VECTOR('',#4323,10.);
#1347=VECTOR('',#4324,10.);
#1348=VECTOR('',#4325,10.);
#1349=VECTOR('',#4326,10.);
#1350=VECTOR('',#4327,10.);
#1351=VECTOR('',#4328,10.);
#1352=VECTOR('',#4329,10.);
#1353=VECTOR('',#4330,10.);
#1354=VECTOR('',#4331,10.);
#1355=VECTOR('',#4332,10.);
#1356=VECTOR('',#4333,10.);
#1357=VECTOR('',#4334,10.);
#1358=VECTOR('',#4335,10.);
#1359=VECTOR('',#4336,10.);
#1360=VECTOR('',#4337,10.);
#1361=VECTOR('',#4338,10.);
#1362=VECTOR('',#4339,10.);
#1363=VECTOR('',#4340,10.);
#1364=VECTOR('',#4341,10.);
#1365=VECTOR('',#4342,10.);
#1366=VECTOR('',#4343,10.);
#1367=VECTOR('',#4344,10.);
#1368=VECTOR('',#4345,10.);
#1369=VECTOR('',#4346,10.);
#1370=VECTOR('',#4347,10.);
#1371=VECTOR('',#4348,10.);
#1372=VECTOR('',#4349,10.);
#1373=VECTOR('',#4350,10.);
#1374=VECTOR('',#4351,10.);
#1375=VECTOR('',#4352,10.);
#1376=VECTOR('',#4353,10.);
#1377=VECTOR('',#4354,10.);
#1378=VECTOR('',#4355,10.);
#1379=VECTOR('',#4356,10.);
#1380=VECTOR('',#4357,10.);
#1381=VECTOR('',#4360,10.);
#1382=VECTOR('',#4361,10.);
#1383=VECTOR('',#4362,10.);
#1384=VECTOR('',#4363,10.);
#1385=VECTOR('',#4364,10.);
#1386=VECTOR('',#4365,10.);
#1387=VECTOR('',#4366,10.);
#1388=VECTOR('',#4367,10.);
#1389=VECTOR('',#4368,10.);
#1390=VECTOR('',#4369,10.);
#1391=VECTOR('',#4370,10.);
#1392=VECTOR('',#4371,10.);
#1393=VECTOR('',#4372,10.);
#1394=VECTOR('',#4375,10.);
#1395=VECTOR('',#4376,10.);
#1396=VECTOR('',#4383,10.);
#1397=VECTOR('',#4386,10.);
#1398=VECTOR('',#4391,10.);
#1399=VECTOR('',#4392,10.);
#1400=VECTOR('',#4399,10.);
#1401=VECTOR('',#4400,10.);
#1402=VECTOR('',#4401,10.);
#1403=VECTOR('',#4404,10.);
#1404=VECTOR('',#4405,10.);
#1405=VECTOR('',#4408,10.);
#1406=VECTOR('',#4409,10.);
#1407=VECTOR('',#4412,10.);
#1408=VECTOR('',#4413,10.);
#1409=VECTOR('',#4416,10.);
#1410=VECTOR('',#4417,10.);
#1411=VECTOR('',#4422,10.);
#1412=VECTOR('',#4423,10.);
#1413=VECTOR('',#4424,10.);
#1414=VECTOR('',#4427,10.);
#1415=VECTOR('',#4428,10.);
#1416=VECTOR('',#4429,10.);
#1417=VECTOR('',#4432,10.);
#1418=VECTOR('',#4435,10.);
#1419=VECTOR('',#4436,10.);
#1420=VECTOR('',#4439,10.);
#1421=VECTOR('',#4440,10.);
#1422=VECTOR('',#4441,10.);
#1423=VECTOR('',#4444,10.);
#1424=VECTOR('',#4445,10.);
#1425=VECTOR('',#4446,10.);
#1426=VECTOR('',#4449,10.);
#1427=VECTOR('',#4452,10.);
#1428=VECTOR('',#4453,10.);
#1429=VECTOR('',#4456,10.);
#1430=VECTOR('',#4457,10.);
#1431=VECTOR('',#4458,10.);
#1432=VECTOR('',#4461,10.);
#1433=VECTOR('',#4462,10.);
#1434=VECTOR('',#4463,10.);
#1435=VECTOR('',#4466,10.);
#1436=VECTOR('',#4469,10.);
#1437=VECTOR('',#4470,10.);
#1438=VECTOR('',#4473,10.);
#1439=VECTOR('',#4474,10.);
#1440=VECTOR('',#4475,10.);
#1441=VECTOR('',#4478,10.);
#1442=VECTOR('',#4479,10.);
#1443=VECTOR('',#4480,10.);
#1444=VECTOR('',#4483,10.);
#1445=VECTOR('',#4486,10.);
#1446=VECTOR('',#4487,10.);
#1447=VECTOR('',#4490,10.);
#1448=VECTOR('',#4491,10.);
#1449=VECTOR('',#4492,10.);
#1450=VECTOR('',#4495,10.);
#1451=VECTOR('',#4496,10.);
#1452=VECTOR('',#4497,10.);
#1453=VECTOR('',#4500,10.);
#1454=VECTOR('',#4503,10.);
#1455=VECTOR('',#4504,10.);
#1456=VECTOR('',#4507,10.);
#1457=VECTOR('',#4508,10.);
#1458=VECTOR('',#4509,10.);
#1459=VECTOR('',#4512,10.);
#1460=VECTOR('',#4513,10.);
#1461=VECTOR('',#4514,10.);
#1462=VECTOR('',#4517,10.);
#1463=VECTOR('',#4520,10.);
#1464=VECTOR('',#4521,10.);
#1465=VECTOR('',#4524,10.);
#1466=VECTOR('',#4525,10.);
#1467=VECTOR('',#4528,10.);
#1468=VECTOR('',#4529,10.);
#1469=VECTOR('',#4532,10.);
#1470=VECTOR('',#4535,10.);
#1471=VECTOR('',#4538,10.);
#1472=VECTOR('',#4543,10.);
#1473=VECTOR('',#4544,10.);
#1474=VECTOR('',#4547,10.);
#1475=VECTOR('',#4548,10.);
#1476=VECTOR('',#4549,10.);
#1477=VECTOR('',#4552,10.);
#1478=VECTOR('',#4555,10.);
#1479=VECTOR('',#4556,10.);
#1480=VECTOR('',#4559,10.);
#1481=VECTOR('',#4560,10.);
#1482=VECTOR('',#4563,10.);
#1483=VECTOR('',#4564,10.);
#1484=VECTOR('',#4565,10.);
#1485=VECTOR('',#4568,10.);
#1486=VECTOR('',#4571,10.);
#1487=VECTOR('',#4572,10.);
#1488=VECTOR('',#4575,10.);
#1489=VECTOR('',#4576,10.);
#1490=VECTOR('',#4579,10.);
#1491=VECTOR('',#4580,10.);
#1492=VECTOR('',#4581,10.);
#1493=VECTOR('',#4584,10.);
#1494=VECTOR('',#4587,10.);
#1495=VECTOR('',#4588,10.);
#1496=VECTOR('',#4591,10.);
#1497=VECTOR('',#4592,10.);
#1498=VECTOR('',#4595,10.);
#1499=VECTOR('',#4596,10.);
#1500=VECTOR('',#4597,10.);
#1501=VECTOR('',#4600,10.);
#1502=VECTOR('',#4603,10.);
#1503=VECTOR('',#4604,10.);
#1504=VECTOR('',#4607,10.);
#1505=VECTOR('',#4608,10.);
#1506=VECTOR('',#4611,10.);
#1507=VECTOR('',#4612,10.);
#1508=VECTOR('',#4613,10.);
#1509=VECTOR('',#4616,10.);
#1510=VECTOR('',#4619,10.);
#1511=VECTOR('',#4620,10.);
#1512=VECTOR('',#4623,10.);
#1513=VECTOR('',#4624,10.);
#1514=VECTOR('',#4627,10.);
#1515=VECTOR('',#4628,10.);
#1516=VECTOR('',#4633,10.);
#1517=VECTOR('',#4634,10.);
#1518=VECTOR('',#4635,10.);
#1519=VECTOR('',#4638,10.);
#1520=VECTOR('',#4639,10.);
#1521=VECTOR('',#4640,10.);
#1522=VECTOR('',#4643,10.);
#1523=VECTOR('',#4646,10.);
#1524=VECTOR('',#4647,10.);
#1525=VECTOR('',#4650,10.);
#1526=VECTOR('',#4651,10.);
#1527=VECTOR('',#4652,10.);
#1528=VECTOR('',#4655,10.);
#1529=VECTOR('',#4656,10.);
#1530=VECTOR('',#4659,10.);
#1531=VECTOR('',#4662,10.);
#1532=VECTOR('',#4663,10.);
#1533=VECTOR('',#4664,10.);
#1534=VECTOR('',#4667,10.);
#1535=VECTOR('',#4668,10.);
#1536=VECTOR('',#4669,10.);
#1537=VECTOR('',#4672,10.);
#1538=VECTOR('',#4675,10.);
#1539=VECTOR('',#4676,10.);
#1540=VECTOR('',#4677,10.);
#1541=VECTOR('',#4680,10.);
#1542=VECTOR('',#4681,10.);
#1543=VECTOR('',#4682,10.);
#1544=VECTOR('',#4685,10.);
#1545=VECTOR('',#4686,10.);
#1546=VECTOR('',#4687,10.);
#1547=VECTOR('',#4690,10.);
#1548=VECTOR('',#4693,10.);
#1549=VECTOR('',#4696,10.);
#1550=VECTOR('',#4697,10.);
#1551=VECTOR('',#4698,10.);
#1552=VECTOR('',#4701,10.);
#1553=VECTOR('',#4702,10.);
#1554=VECTOR('',#4703,10.);
#1555=VECTOR('',#4706,10.);
#1556=VECTOR('',#4709,10.);
#1557=VECTOR('',#4712,10.);
#1558=VECTOR('',#4713,10.);
#1559=VECTOR('',#4714,10.);
#1560=VECTOR('',#4717,10.);
#1561=VECTOR('',#4718,10.);
#1562=VECTOR('',#4719,10.);
#1563=VECTOR('',#4722,10.);
#1564=VECTOR('',#4725,10.);
#1565=VECTOR('',#4728,10.);
#1566=VECTOR('',#4729,10.);
#1567=VECTOR('',#4730,10.);
#1568=VECTOR('',#4733,10.);
#1569=VECTOR('',#4734,10.);
#1570=VECTOR('',#4735,10.);
#1571=VECTOR('',#4738,10.);
#1572=VECTOR('',#4741,10.);
#1573=VECTOR('',#4744,10.);
#1574=VECTOR('',#4745,10.);
#1575=VECTOR('',#4746,10.);
#1576=VECTOR('',#4749,10.);
#1577=VECTOR('',#4750,10.);
#1578=VECTOR('',#4751,10.);
#1579=VECTOR('',#4754,10.);
#1580=VECTOR('',#4757,10.);
#1581=VECTOR('',#4760,10.);
#1582=VECTOR('',#4761,10.);
#1583=VECTOR('',#4762,10.);
#1584=VECTOR('',#4765,10.);
#1585=VECTOR('',#4766,10.);
#1586=VECTOR('',#4767,10.);
#1587=VECTOR('',#4770,10.);
#1588=VECTOR('',#4773,10.);
#1589=VECTOR('',#4776,10.);
#1590=VECTOR('',#4777,10.);
#1591=VECTOR('',#4778,10.);
#1592=VECTOR('',#4781,10.);
#1593=VECTOR('',#4782,10.);
#1594=VECTOR('',#4785,10.);
#1595=VECTOR('',#4788,10.);
#1596=VECTOR('',#4791,10.);
#1597=VECTOR('',#4796,10.);
#1598=VECTOR('',#4797,10.);
#1599=VECTOR('',#4800,10.);
#1600=VECTOR('',#4801,10.);
#1601=VECTOR('',#4802,10.);
#1602=VECTOR('',#4805,10.);
#1603=VECTOR('',#4808,10.);
#1604=VECTOR('',#4811,10.);
#1605=VECTOR('',#4812,10.);
#1606=VECTOR('',#4815,10.);
#1607=VECTOR('',#4816,10.);
#1608=VECTOR('',#4817,10.);
#1609=VECTOR('',#4820,10.);
#1610=VECTOR('',#4823,10.);
#1611=VECTOR('',#4826,10.);
#1612=VECTOR('',#4827,10.);
#1613=VECTOR('',#4830,10.);
#1614=VECTOR('',#4831,10.);
#1615=VECTOR('',#4832,10.);
#1616=VECTOR('',#4835,10.);
#1617=VECTOR('',#4838,10.);
#1618=VECTOR('',#4841,10.);
#1619=VECTOR('',#4842,10.);
#1620=VECTOR('',#4845,10.);
#1621=VECTOR('',#4846,10.);
#1622=VECTOR('',#4847,10.);
#1623=VECTOR('',#4850,10.);
#1624=VECTOR('',#4853,10.);
#1625=VECTOR('',#4856,10.);
#1626=VECTOR('',#4857,10.);
#1627=VECTOR('',#4860,10.);
#1628=VECTOR('',#4861,10.);
#1629=VECTOR('',#4862,10.);
#1630=VECTOR('',#4865,10.);
#1631=VECTOR('',#4868,10.);
#1632=VECTOR('',#4871,10.);
#1633=VECTOR('',#4872,10.);
#1634=VECTOR('',#4875,10.);
#1635=VECTOR('',#4876,10.);
#1636=VECTOR('',#4877,10.);
#1637=VECTOR('',#4880,10.);
#1638=VECTOR('',#4883,10.);
#1639=VECTOR('',#4886,10.);
#1640=VECTOR('',#4889,10.);
#1641=VECTOR('',#4894,10.);
#1642=VECTOR('',#4895,10.);
#1643=VECTOR('',#4898,10.);
#1644=VECTOR('',#4899,10.);
#1645=VECTOR('',#4900,10.);
#1646=VECTOR('',#4903,10.);
#1647=VECTOR('',#4906,10.);
#1648=VECTOR('',#4909,10.);
#1649=VECTOR('',#4910,10.);
#1650=VECTOR('',#4913,10.);
#1651=VECTOR('',#4914,10.);
#1652=VECTOR('',#4917,10.);
#1653=VECTOR('',#4926,1.84000000000236);
#1654=VECTOR('',#4939,10.);
#1655=VECTOR('',#4940,10.);
#1656=VECTOR('',#4941,10.);
#1657=VECTOR('',#4942,10.);
#1658=VECTOR('',#4943,10.);
#1659=VECTOR('',#4944,10.);
#1660=VECTOR('',#4949,3.49999999999998);
#1661=VECTOR('',#4952,10.);
#1662=VECTOR('',#4953,10.);
#1663=VECTOR('',#4954,10.);
#1664=VECTOR('',#4957,10.);
#1665=VECTOR('',#4958,10.);
#1666=VECTOR('',#4961,10.);
#1667=VECTOR('',#4962,10.);
#1668=VECTOR('',#4965,10.);
#1669=VECTOR('',#4966,10.);
#1670=VECTOR('',#4969,10.);
#1671=VECTOR('',#4970,10.);
#1672=VECTOR('',#4973,10.);
#1673=VECTOR('',#4976,10.);
#1674=VECTOR('',#4977,10.);
#1675=VECTOR('',#4980,10.);
#1676=VECTOR('',#4983,10.);
#1677=VECTOR('',#4986,10.);
#1678=VECTOR('',#4989,10.);
#1679=VECTOR('',#4994,2.);
#1680=CIRCLE('',#3849,2.25);
#1681=CIRCLE('',#3850,2.25);
#1682=CIRCLE('',#3852,2.25);
#1683=CIRCLE('',#3853,2.25);
#1684=CIRCLE('',#3855,2.25);
#1685=CIRCLE('',#3856,2.25);
#1686=CIRCLE('',#3858,2.25);
#1687=CIRCLE('',#3859,2.25);
#1688=CIRCLE('',#4034,1.954);
#1689=CIRCLE('',#4035,1.64000000000216);
#1690=CIRCLE('',#4037,3.49999999999998);
#1691=CIRCLE('',#4038,0.4);
#1692=CIRCLE('',#4039,3.09999999999998);
#1693=CIRCLE('',#4042,3.49999999999998);
#1694=CIRCLE('',#4056,1.954);
#1695=VERTEX_POINT('',#5014);
#1696=VERTEX_POINT('',#5016);
#1697=VERTEX_POINT('',#5020);
#1698=VERTEX_POINT('',#5022);
#1699=VERTEX_POINT('',#5026);
#1700=VERTEX_POINT('',#5028);
#1701=VERTEX_POINT('',#5032);
#1702=VERTEX_POINT('',#5034);
#1703=VERTEX_POINT('',#5038);
#1704=VERTEX_POINT('',#5039);
#1705=VERTEX_POINT('',#5041);
#1706=VERTEX_POINT('',#5043);
#1707=VERTEX_POINT('',#5047);
#1708=VERTEX_POINT('',#5048);
#1709=VERTEX_POINT('',#5050);
#1710=VERTEX_POINT('',#5052);
#1711=VERTEX_POINT('',#5056);
#1712=VERTEX_POINT('',#5057);
#1713=VERTEX_POINT('',#5059);
#1714=VERTEX_POINT('',#5061);
#1715=VERTEX_POINT('',#5065);
#1716=VERTEX_POINT('',#5066);
#1717=VERTEX_POINT('',#5068);
#1718=VERTEX_POINT('',#5070);
#1719=VERTEX_POINT('',#5074);
#1720=VERTEX_POINT('',#5075);
#1721=VERTEX_POINT('',#5077);
#1722=VERTEX_POINT('',#5079);
#1723=VERTEX_POINT('',#5083);
#1724=VERTEX_POINT('',#5084);
#1725=VERTEX_POINT('',#5086);
#1726=VERTEX_POINT('',#5088);
#1727=VERTEX_POINT('',#5092);
#1728=VERTEX_POINT('',#5093);
#1729=VERTEX_POINT('',#5095);
#1730=VERTEX_POINT('',#5097);
#1731=VERTEX_POINT('',#5101);
#1732=VERTEX_POINT('',#5102);
#1733=VERTEX_POINT('',#5104);
#1734=VERTEX_POINT('',#5106);
#1735=VERTEX_POINT('',#5110);
#1736=VERTEX_POINT('',#5111);
#1737=VERTEX_POINT('',#5113);
#1738=VERTEX_POINT('',#5115);
#1739=VERTEX_POINT('',#5119);
#1740=VERTEX_POINT('',#5120);
#1741=VERTEX_POINT('',#5122);
#1742=VERTEX_POINT('',#5124);
#1743=VERTEX_POINT('',#5128);
#1744=VERTEX_POINT('',#5129);
#1745=VERTEX_POINT('',#5131);
#1746=VERTEX_POINT('',#5133);
#1747=VERTEX_POINT('',#5137);
#1748=VERTEX_POINT('',#5138);
#1749=VERTEX_POINT('',#5140);
#1750=VERTEX_POINT('',#5142);
#1751=VERTEX_POINT('',#5146);
#1752=VERTEX_POINT('',#5147);
#1753=VERTEX_POINT('',#5149);
#1754=VERTEX_POINT('',#5151);
#1755=VERTEX_POINT('',#5155);
#1756=VERTEX_POINT('',#5156);
#1757=VERTEX_POINT('',#5158);
#1758=VERTEX_POINT('',#5160);
#1759=VERTEX_POINT('',#5164);
#1760=VERTEX_POINT('',#5165);
#1761=VERTEX_POINT('',#5167);
#1762=VERTEX_POINT('',#5169);
#1763=VERTEX_POINT('',#5173);
#1764=VERTEX_POINT('',#5174);
#1765=VERTEX_POINT('',#5176);
#1766=VERTEX_POINT('',#5178);
#1767=VERTEX_POINT('',#5182);
#1768=VERTEX_POINT('',#5183);
#1769=VERTEX_POINT('',#5185);
#1770=VERTEX_POINT('',#5187);
#1771=VERTEX_POINT('',#5191);
#1772=VERTEX_POINT('',#5192);
#1773=VERTEX_POINT('',#5194);
#1774=VERTEX_POINT('',#5196);
#1775=VERTEX_POINT('',#5200);
#1776=VERTEX_POINT('',#5201);
#1777=VERTEX_POINT('',#5203);
#1778=VERTEX_POINT('',#5205);
#1779=VERTEX_POINT('',#5209);
#1780=VERTEX_POINT('',#5210);
#1781=VERTEX_POINT('',#5212);
#1782=VERTEX_POINT('',#5214);
#1783=VERTEX_POINT('',#5232);
#1784=VERTEX_POINT('',#5233);
#1785=VERTEX_POINT('',#5235);
#1786=VERTEX_POINT('',#5237);
#1787=VERTEX_POINT('',#5239);
#1788=VERTEX_POINT('',#5241);
#1789=VERTEX_POINT('',#5243);
#1790=VERTEX_POINT('',#5245);
#1791=VERTEX_POINT('',#5247);
#1792=VERTEX_POINT('',#5249);
#1793=VERTEX_POINT('',#5251);
#1794=VERTEX_POINT('',#5253);
#1795=VERTEX_POINT('',#5255);
#1796=VERTEX_POINT('',#5257);
#1797=VERTEX_POINT('',#5259);
#1798=VERTEX_POINT('',#5261);
#1799=VERTEX_POINT('',#5263);
#1800=VERTEX_POINT('',#5265);
#1801=VERTEX_POINT('',#5267);
#1802=VERTEX_POINT('',#5269);
#1803=VERTEX_POINT('',#5271);
#1804=VERTEX_POINT('',#5273);
#1805=VERTEX_POINT('',#5275);
#1806=VERTEX_POINT('',#5277);
#1807=VERTEX_POINT('',#5279);
#1808=VERTEX_POINT('',#5281);
#1809=VERTEX_POINT('',#5283);
#1810=VERTEX_POINT('',#5285);
#1811=VERTEX_POINT('',#5287);
#1812=VERTEX_POINT('',#5289);
#1813=VERTEX_POINT('',#5291);
#1814=VERTEX_POINT('',#5293);
#1815=VERTEX_POINT('',#5295);
#1816=VERTEX_POINT('',#5297);
#1817=VERTEX_POINT('',#5299);
#1818=VERTEX_POINT('',#5301);
#1819=VERTEX_POINT('',#5303);
#1820=VERTEX_POINT('',#5305);
#1821=VERTEX_POINT('',#5307);
#1822=VERTEX_POINT('',#5309);
#1823=VERTEX_POINT('',#5311);
#1824=VERTEX_POINT('',#5313);
#1825=VERTEX_POINT('',#5315);
#1826=VERTEX_POINT('',#5317);
#1827=VERTEX_POINT('',#5319);
#1828=VERTEX_POINT('',#5321);
#1829=VERTEX_POINT('',#5323);
#1830=VERTEX_POINT('',#5325);
#1831=VERTEX_POINT('',#5327);
#1832=VERTEX_POINT('',#5329);
#1833=VERTEX_POINT('',#5331);
#1834=VERTEX_POINT('',#5333);
#1835=VERTEX_POINT('',#5335);
#1836=VERTEX_POINT('',#5337);
#1837=VERTEX_POINT('',#5339);
#1838=VERTEX_POINT('',#5341);
#1839=VERTEX_POINT('',#5343);
#1840=VERTEX_POINT('',#5345);
#1841=VERTEX_POINT('',#5347);
#1842=VERTEX_POINT('',#5349);
#1843=VERTEX_POINT('',#5351);
#1844=VERTEX_POINT('',#5353);
#1845=VERTEX_POINT('',#5355);
#1846=VERTEX_POINT('',#5357);
#1847=VERTEX_POINT('',#5359);
#1848=VERTEX_POINT('',#5361);
#1849=VERTEX_POINT('',#5363);
#1850=VERTEX_POINT('',#5365);
#1851=VERTEX_POINT('',#5367);
#1852=VERTEX_POINT('',#5369);
#1853=VERTEX_POINT('',#5371);
#1854=VERTEX_POINT('',#5373);
#1855=VERTEX_POINT('',#5375);
#1856=VERTEX_POINT('',#5377);
#1857=VERTEX_POINT('',#5379);
#1858=VERTEX_POINT('',#5381);
#1859=VERTEX_POINT('',#5383);
#1860=VERTEX_POINT('',#5385);
#1861=VERTEX_POINT('',#5387);
#1862=VERTEX_POINT('',#5389);
#1863=VERTEX_POINT('',#5391);
#1864=VERTEX_POINT('',#5393);
#1865=VERTEX_POINT('',#5395);
#1866=VERTEX_POINT('',#5397);
#1867=VERTEX_POINT('',#5399);
#1868=VERTEX_POINT('',#5401);
#1869=VERTEX_POINT('',#5403);
#1870=VERTEX_POINT('',#5405);
#1871=VERTEX_POINT('',#5407);
#1872=VERTEX_POINT('',#5409);
#1873=VERTEX_POINT('',#5411);
#1874=VERTEX_POINT('',#5413);
#1875=VERTEX_POINT('',#5415);
#1876=VERTEX_POINT('',#5417);
#1877=VERTEX_POINT('',#5419);
#1878=VERTEX_POINT('',#5421);
#1879=VERTEX_POINT('',#5423);
#1880=VERTEX_POINT('',#5425);
#1881=VERTEX_POINT('',#5427);
#1882=VERTEX_POINT('',#5429);
#1883=VERTEX_POINT('',#5431);
#1884=VERTEX_POINT('',#5433);
#1885=VERTEX_POINT('',#5435);
#1886=VERTEX_POINT('',#5437);
#1887=VERTEX_POINT('',#5439);
#1888=VERTEX_POINT('',#5441);
#1889=VERTEX_POINT('',#5443);
#1890=VERTEX_POINT('',#5445);
#1891=VERTEX_POINT('',#5447);
#1892=VERTEX_POINT('',#5449);
#1893=VERTEX_POINT('',#5451);
#1894=VERTEX_POINT('',#5453);
#1895=VERTEX_POINT('',#5455);
#1896=VERTEX_POINT('',#5457);
#1897=VERTEX_POINT('',#5459);
#1898=VERTEX_POINT('',#5461);
#1899=VERTEX_POINT('',#5463);
#1900=VERTEX_POINT('',#5465);
#1901=VERTEX_POINT('',#5467);
#1902=VERTEX_POINT('',#5469);
#1903=VERTEX_POINT('',#5473);
#1904=VERTEX_POINT('',#5475);
#1905=VERTEX_POINT('',#5504);
#1906=VERTEX_POINT('',#5506);
#1907=VERTEX_POINT('',#5510);
#1908=VERTEX_POINT('',#5514);
#1909=VERTEX_POINT('',#5525);
#1910=VERTEX_POINT('',#5527);
#1911=VERTEX_POINT('',#5531);
#1912=VERTEX_POINT('',#5533);
#1913=VERTEX_POINT('',#5539);
#1914=VERTEX_POINT('',#5543);
#1915=VERTEX_POINT('',#5545);
#1916=VERTEX_POINT('',#5549);
#1917=VERTEX_POINT('',#5551);
#1918=VERTEX_POINT('',#5557);
#1919=VERTEX_POINT('',#5561);
#1920=VERTEX_POINT('',#5563);
#1921=VERTEX_POINT('',#5567);
#1922=VERTEX_POINT('',#5569);
#1923=VERTEX_POINT('',#5575);
#1924=VERTEX_POINT('',#5579);
#1925=VERTEX_POINT('',#5581);
#1926=VERTEX_POINT('',#5585);
#1927=VERTEX_POINT('',#5587);
#1928=VERTEX_POINT('',#5593);
#1929=VERTEX_POINT('',#5597);
#1930=VERTEX_POINT('',#5599);
#1931=VERTEX_POINT('',#5603);
#1932=VERTEX_POINT('',#5605);
#1933=VERTEX_POINT('',#5611);
#1934=VERTEX_POINT('',#5615);
#1935=VERTEX_POINT('',#5617);
#1936=VERTEX_POINT('',#5621);
#1937=VERTEX_POINT('',#5623);
#1938=VERTEX_POINT('',#5629);
#1939=VERTEX_POINT('',#5633);
#1940=VERTEX_POINT('',#5637);
#1941=VERTEX_POINT('',#5648);
#1942=VERTEX_POINT('',#5652);
#1943=VERTEX_POINT('',#5654);
#1944=VERTEX_POINT('',#5660);
#1945=VERTEX_POINT('',#5664);
#1946=VERTEX_POINT('',#5668);
#1947=VERTEX_POINT('',#5670);
#1948=VERTEX_POINT('',#5676);
#1949=VERTEX_POINT('',#5680);
#1950=VERTEX_POINT('',#5684);
#1951=VERTEX_POINT('',#5686);
#1952=VERTEX_POINT('',#5692);
#1953=VERTEX_POINT('',#5696);
#1954=VERTEX_POINT('',#5700);
#1955=VERTEX_POINT('',#5702);
#1956=VERTEX_POINT('',#5708);
#1957=VERTEX_POINT('',#5712);
#1958=VERTEX_POINT('',#5716);
#1959=VERTEX_POINT('',#5718);
#1960=VERTEX_POINT('',#5724);
#1961=VERTEX_POINT('',#5735);
#1962=VERTEX_POINT('',#5737);
#1963=VERTEX_POINT('',#5741);
#1964=VERTEX_POINT('',#5743);
#1965=VERTEX_POINT('',#5749);
#1966=VERTEX_POINT('',#5753);
#1967=VERTEX_POINT('',#5755);
#1968=VERTEX_POINT('',#5759);
#1969=VERTEX_POINT('',#5765);
#1970=VERTEX_POINT('',#5767);
#1971=VERTEX_POINT('',#5771);
#1972=VERTEX_POINT('',#5773);
#1973=VERTEX_POINT('',#5783);
#1974=VERTEX_POINT('',#5785);
#1975=VERTEX_POINT('',#5789);
#1976=VERTEX_POINT('',#5791);
#1977=VERTEX_POINT('',#5799);
#1978=VERTEX_POINT('',#5801);
#1979=VERTEX_POINT('',#5805);
#1980=VERTEX_POINT('',#5807);
#1981=VERTEX_POINT('',#5815);
#1982=VERTEX_POINT('',#5817);
#1983=VERTEX_POINT('',#5821);
#1984=VERTEX_POINT('',#5823);
#1985=VERTEX_POINT('',#5831);
#1986=VERTEX_POINT('',#5833);
#1987=VERTEX_POINT('',#5837);
#1988=VERTEX_POINT('',#5839);
#1989=VERTEX_POINT('',#5847);
#1990=VERTEX_POINT('',#5849);
#1991=VERTEX_POINT('',#5853);
#1992=VERTEX_POINT('',#5855);
#1993=VERTEX_POINT('',#5863);
#1994=VERTEX_POINT('',#5865);
#1995=VERTEX_POINT('',#5869);
#1996=VERTEX_POINT('',#5871);
#1997=VERTEX_POINT('',#5879);
#1998=VERTEX_POINT('',#5881);
#1999=VERTEX_POINT('',#5885);
#2000=VERTEX_POINT('',#5896);
#2001=VERTEX_POINT('',#5900);
#2002=VERTEX_POINT('',#5902);
#2003=VERTEX_POINT('',#5910);
#2004=VERTEX_POINT('',#5914);
#2005=VERTEX_POINT('',#5916);
#2006=VERTEX_POINT('',#5924);
#2007=VERTEX_POINT('',#5928);
#2008=VERTEX_POINT('',#5930);
#2009=VERTEX_POINT('',#5938);
#2010=VERTEX_POINT('',#5942);
#2011=VERTEX_POINT('',#5944);
#2012=VERTEX_POINT('',#5952);
#2013=VERTEX_POINT('',#5956);
#2014=VERTEX_POINT('',#5958);
#2015=VERTEX_POINT('',#5966);
#2016=VERTEX_POINT('',#5970);
#2017=VERTEX_POINT('',#5972);
#2018=VERTEX_POINT('',#5985);
#2019=VERTEX_POINT('',#5989);
#2020=VERTEX_POINT('',#5991);
#2021=VERTEX_POINT('',#5999);
#2022=VERTEX_POINT('',#6003);
#2023=VERTEX_POINT('',#6011);
#2024=VERTEX_POINT('',#6013);
#2025=VERTEX_POINT('',#6017);
#2026=VERTEX_POINT('',#6019);
#2027=VERTEX_POINT('',#6023);
#2028=VERTEX_POINT('',#6024);
#2029=VERTEX_POINT('',#6026);
#2030=VERTEX_POINT('',#6028);
#2031=VERTEX_POINT('',#6030);
#2032=VERTEX_POINT('',#6032);
#2033=VERTEX_POINT('',#6036);
#2034=VERTEX_POINT('',#6040);
#2035=VERTEX_POINT('',#6041);
#2036=VERTEX_POINT('',#6043);
#2037=VERTEX_POINT('',#6047);
#2038=VERTEX_POINT('',#6051);
#2039=VERTEX_POINT('',#6055);
#2040=VERTEX_POINT('',#6059);
#2041=VERTEX_POINT('',#6077);
#2042=EDGE_CURVE('',#1695,#1695,#1680,.T.);
#2043=EDGE_CURVE('',#1695,#1696,#658,.T.);
#2044=EDGE_CURVE('',#1696,#1696,#1681,.T.);
#2045=EDGE_CURVE('',#1697,#1697,#1682,.T.);
#2046=EDGE_CURVE('',#1697,#1698,#659,.T.);
#2047=EDGE_CURVE('',#1698,#1698,#1683,.T.);
#2048=EDGE_CURVE('',#1699,#1699,#1684,.T.);
#2049=EDGE_CURVE('',#1699,#1700,#660,.T.);
#2050=EDGE_CURVE('',#1700,#1700,#1685,.T.);
#2051=EDGE_CURVE('',#1701,#1701,#1686,.T.);
#2052=EDGE_CURVE('',#1701,#1702,#661,.T.);
#2053=EDGE_CURVE('',#1702,#1702,#1687,.T.);
#2054=EDGE_CURVE('',#1703,#1704,#662,.T.);
#2055=EDGE_CURVE('',#1705,#1703,#663,.T.);
#2056=EDGE_CURVE('',#1706,#1705,#664,.T.);
#2057=EDGE_CURVE('',#1704,#1706,#665,.T.);
#2058=EDGE_CURVE('',#1707,#1708,#666,.T.);
#2059=EDGE_CURVE('',#1709,#1707,#667,.T.);
#2060=EDGE_CURVE('',#1710,#1709,#668,.T.);
#2061=EDGE_CURVE('',#1708,#1710,#669,.T.);
#2062=EDGE_CURVE('',#1711,#1712,#670,.T.);
#2063=EDGE_CURVE('',#1713,#1711,#671,.T.);
#2064=EDGE_CURVE('',#1714,#1713,#672,.T.);
#2065=EDGE_CURVE('',#1712,#1714,#673,.T.);
#2066=EDGE_CURVE('',#1715,#1716,#674,.T.);
#2067=EDGE_CURVE('',#1717,#1715,#675,.T.);
#2068=EDGE_CURVE('',#1718,#1717,#676,.T.);
#2069=EDGE_CURVE('',#1716,#1718,#677,.T.);
#2070=EDGE_CURVE('',#1719,#1720,#678,.T.);
#2071=EDGE_CURVE('',#1721,#1719,#679,.T.);
#2072=EDGE_CURVE('',#1722,#1721,#680,.T.);
#2073=EDGE_CURVE('',#1720,#1722,#681,.T.);
#2074=EDGE_CURVE('',#1723,#1724,#682,.T.);
#2075=EDGE_CURVE('',#1723,#1725,#683,.T.);
#2076=EDGE_CURVE('',#1726,#1725,#684,.T.);
#2077=EDGE_CURVE('',#1724,#1726,#685,.T.);
#2078=EDGE_CURVE('',#1727,#1728,#686,.T.);
#2079=EDGE_CURVE('',#1727,#1729,#687,.T.);
#2080=EDGE_CURVE('',#1730,#1729,#688,.T.);
#2081=EDGE_CURVE('',#1728,#1730,#689,.T.);
#2082=EDGE_CURVE('',#1731,#1732,#690,.T.);
#2083=EDGE_CURVE('',#1733,#1731,#691,.T.);
#2084=EDGE_CURVE('',#1734,#1733,#692,.T.);
#2085=EDGE_CURVE('',#1734,#1732,#693,.T.);
#2086=EDGE_CURVE('',#1735,#1736,#694,.T.);
#2087=EDGE_CURVE('',#1737,#1735,#695,.T.);
#2088=EDGE_CURVE('',#1738,#1737,#696,.T.);
#2089=EDGE_CURVE('',#1738,#1736,#697,.T.);
#2090=EDGE_CURVE('',#1739,#1740,#698,.T.);
#2091=EDGE_CURVE('',#1739,#1741,#699,.T.);
#2092=EDGE_CURVE('',#1742,#1741,#700,.T.);
#2093=EDGE_CURVE('',#1740,#1742,#701,.T.);
#2094=EDGE_CURVE('',#1743,#1744,#702,.T.);
#2095=EDGE_CURVE('',#1743,#1745,#703,.T.);
#2096=EDGE_CURVE('',#1746,#1745,#704,.T.);
#2097=EDGE_CURVE('',#1744,#1746,#705,.T.);
#2098=EDGE_CURVE('',#1747,#1748,#706,.T.);
#2099=EDGE_CURVE('',#1747,#1749,#707,.T.);
#2100=EDGE_CURVE('',#1750,#1749,#708,.T.);
#2101=EDGE_CURVE('',#1748,#1750,#709,.T.);
#2102=EDGE_CURVE('',#1751,#1752,#710,.T.);
#2103=EDGE_CURVE('',#1753,#1751,#711,.T.);
#2104=EDGE_CURVE('',#1754,#1753,#712,.T.);
#2105=EDGE_CURVE('',#1754,#1752,#713,.T.);
#2106=EDGE_CURVE('',#1755,#1756,#714,.T.);
#2107=EDGE_CURVE('',#1757,#1755,#715,.T.);
#2108=EDGE_CURVE('',#1758,#1757,#716,.T.);
#2109=EDGE_CURVE('',#1758,#1756,#717,.T.);
#2110=EDGE_CURVE('',#1759,#1760,#718,.T.);
#2111=EDGE_CURVE('',#1759,#1761,#719,.T.);
#2112=EDGE_CURVE('',#1762,#1761,#720,.T.);
#2113=EDGE_CURVE('',#1760,#1762,#721,.T.);
#2114=EDGE_CURVE('',#1763,#1764,#722,.T.);
#2115=EDGE_CURVE('',#1765,#1763,#723,.T.);
#2116=EDGE_CURVE('',#1766,#1765,#724,.T.);
#2117=EDGE_CURVE('',#1764,#1766,#725,.T.);
#2118=EDGE_CURVE('',#1767,#1768,#726,.T.);
#2119=EDGE_CURVE('',#1769,#1767,#727,.T.);
#2120=EDGE_CURVE('',#1770,#1769,#728,.T.);
#2121=EDGE_CURVE('',#1768,#1770,#729,.T.);
#2122=EDGE_CURVE('',#1771,#1772,#730,.T.);
#2123=EDGE_CURVE('',#1773,#1771,#731,.T.);
#2124=EDGE_CURVE('',#1774,#1773,#732,.T.);
#2125=EDGE_CURVE('',#1772,#1774,#733,.T.);
#2126=EDGE_CURVE('',#1775,#1776,#734,.T.);
#2127=EDGE_CURVE('',#1777,#1775,#735,.T.);
#2128=EDGE_CURVE('',#1778,#1777,#736,.T.);
#2129=EDGE_CURVE('',#1776,#1778,#737,.T.);
#2130=EDGE_CURVE('',#1779,#1780,#738,.T.);
#2131=EDGE_CURVE('',#1781,#1779,#739,.T.);
#2132=EDGE_CURVE('',#1782,#1781,#740,.T.);
#2133=EDGE_CURVE('',#1780,#1782,#741,.T.);
#2134=EDGE_CURVE('',#1735,#1712,#742,.T.);
#2135=EDGE_CURVE('',#1711,#1736,#743,.T.);
#2136=EDGE_CURVE('',#1714,#1737,#744,.T.);
#2137=EDGE_CURVE('',#1738,#1713,#745,.T.);
#2138=EDGE_CURVE('',#1731,#1704,#746,.T.);
#2139=EDGE_CURVE('',#1703,#1732,#747,.T.);
#2140=EDGE_CURVE('',#1706,#1733,#748,.T.);
#2141=EDGE_CURVE('',#1734,#1705,#749,.T.);
#2142=EDGE_CURVE('',#1783,#1784,#750,.T.);
#2143=EDGE_CURVE('',#1783,#1785,#751,.T.);
#2144=EDGE_CURVE('',#1786,#1785,#752,.T.);
#2145=EDGE_CURVE('',#1787,#1786,#753,.T.);
#2146=EDGE_CURVE('',#1788,#1787,#754,.T.);
#2147=EDGE_CURVE('',#1788,#1789,#755,.T.);
#2148=EDGE_CURVE('',#1790,#1789,#756,.T.);
#2149=EDGE_CURVE('',#1791,#1790,#757,.T.);
#2150=EDGE_CURVE('',#1792,#1791,#758,.T.);
#2151=EDGE_CURVE('',#1792,#1793,#759,.T.);
#2152=EDGE_CURVE('',#1794,#1793,#760,.T.);
#2153=EDGE_CURVE('',#1795,#1794,#761,.T.);
#2154=EDGE_CURVE('',#1796,#1795,#762,.T.);
#2155=EDGE_CURVE('',#1796,#1797,#763,.T.);
#2156=EDGE_CURVE('',#1798,#1797,#764,.T.);
#2157=EDGE_CURVE('',#1799,#1798,#765,.T.);
#2158=EDGE_CURVE('',#1800,#1799,#766,.T.);
#2159=EDGE_CURVE('',#1800,#1801,#767,.T.);
#2160=EDGE_CURVE('',#1802,#1801,#768,.T.);
#2161=EDGE_CURVE('',#1803,#1802,#769,.T.);
#2162=EDGE_CURVE('',#1804,#1803,#770,.T.);
#2163=EDGE_CURVE('',#1804,#1805,#771,.T.);
#2164=EDGE_CURVE('',#1806,#1805,#772,.T.);
#2165=EDGE_CURVE('',#1807,#1806,#773,.T.);
#2166=EDGE_CURVE('',#1808,#1807,#774,.T.);
#2167=EDGE_CURVE('',#1808,#1809,#775,.T.);
#2168=EDGE_CURVE('',#1810,#1809,#776,.T.);
#2169=EDGE_CURVE('',#1811,#1810,#777,.T.);
#2170=EDGE_CURVE('',#1812,#1811,#778,.T.);
#2171=EDGE_CURVE('',#1812,#1813,#779,.T.);
#2172=EDGE_CURVE('',#1814,#1813,#780,.T.);
#2173=EDGE_CURVE('',#1815,#1814,#781,.T.);
#2174=EDGE_CURVE('',#1816,#1815,#782,.T.);
#2175=EDGE_CURVE('',#1816,#1817,#783,.T.);
#2176=EDGE_CURVE('',#1818,#1817,#784,.T.);
#2177=EDGE_CURVE('',#1819,#1818,#785,.T.);
#2178=EDGE_CURVE('',#1820,#1819,#786,.T.);
#2179=EDGE_CURVE('',#1820,#1821,#787,.T.);
#2180=EDGE_CURVE('',#1822,#1821,#788,.T.);
#2181=EDGE_CURVE('',#1823,#1822,#789,.T.);
#2182=EDGE_CURVE('',#1824,#1823,#790,.T.);
#2183=EDGE_CURVE('',#1824,#1825,#791,.T.);
#2184=EDGE_CURVE('',#1826,#1825,#792,.T.);
#2185=EDGE_CURVE('',#1827,#1826,#793,.T.);
#2186=EDGE_CURVE('',#1828,#1827,#794,.T.);
#2187=EDGE_CURVE('',#1828,#1829,#795,.T.);
#2188=EDGE_CURVE('',#1830,#1829,#796,.T.);
#2189=EDGE_CURVE('',#1831,#1830,#797,.T.);
#2190=EDGE_CURVE('',#1832,#1831,#798,.T.);
#2191=EDGE_CURVE('',#1832,#1833,#799,.T.);
#2192=EDGE_CURVE('',#1834,#1833,#800,.T.);
#2193=EDGE_CURVE('',#1835,#1834,#801,.T.);
#2194=EDGE_CURVE('',#1836,#1835,#802,.T.);
#2195=EDGE_CURVE('',#1836,#1837,#803,.T.);
#2196=EDGE_CURVE('',#1838,#1837,#804,.T.);
#2197=EDGE_CURVE('',#1839,#1838,#805,.T.);
#2198=EDGE_CURVE('',#1840,#1839,#806,.T.);
#2199=EDGE_CURVE('',#1840,#1841,#807,.T.);
#2200=EDGE_CURVE('',#1842,#1841,#808,.T.);
#2201=EDGE_CURVE('',#1843,#1842,#809,.T.);
#2202=EDGE_CURVE('',#1844,#1843,#810,.T.);
#2203=EDGE_CURVE('',#1844,#1845,#811,.T.);
#2204=EDGE_CURVE('',#1846,#1845,#812,.T.);
#2205=EDGE_CURVE('',#1847,#1846,#813,.T.);
#2206=EDGE_CURVE('',#1848,#1847,#814,.T.);
#2207=EDGE_CURVE('',#1848,#1849,#815,.T.);
#2208=EDGE_CURVE('',#1850,#1849,#816,.T.);
#2209=EDGE_CURVE('',#1851,#1850,#817,.T.);
#2210=EDGE_CURVE('',#1852,#1851,#818,.T.);
#2211=EDGE_CURVE('',#1852,#1853,#819,.T.);
#2212=EDGE_CURVE('',#1854,#1853,#820,.T.);
#2213=EDGE_CURVE('',#1855,#1854,#821,.T.);
#2214=EDGE_CURVE('',#1856,#1855,#822,.T.);
#2215=EDGE_CURVE('',#1856,#1857,#823,.T.);
#2216=EDGE_CURVE('',#1858,#1857,#824,.T.);
#2217=EDGE_CURVE('',#1859,#1858,#825,.T.);
#2218=EDGE_CURVE('',#1860,#1859,#826,.T.);
#2219=EDGE_CURVE('',#1860,#1861,#827,.T.);
#2220=EDGE_CURVE('',#1862,#1861,#828,.T.);
#2221=EDGE_CURVE('',#1863,#1862,#829,.T.);
#2222=EDGE_CURVE('',#1864,#1863,#830,.T.);
#2223=EDGE_CURVE('',#1864,#1865,#831,.T.);
#2224=EDGE_CURVE('',#1866,#1865,#832,.T.);
#2225=EDGE_CURVE('',#1867,#1866,#833,.T.);
#2226=EDGE_CURVE('',#1868,#1867,#834,.T.);
#2227=EDGE_CURVE('',#1868,#1869,#835,.T.);
#2228=EDGE_CURVE('',#1870,#1869,#836,.T.);
#2229=EDGE_CURVE('',#1871,#1870,#837,.T.);
#2230=EDGE_CURVE('',#1872,#1871,#838,.T.);
#2231=EDGE_CURVE('',#1872,#1873,#839,.T.);
#2232=EDGE_CURVE('',#1874,#1873,#840,.T.);
#2233=EDGE_CURVE('',#1875,#1874,#841,.T.);
#2234=EDGE_CURVE('',#1876,#1875,#842,.T.);
#2235=EDGE_CURVE('',#1876,#1877,#843,.T.);
#2236=EDGE_CURVE('',#1878,#1877,#844,.T.);
#2237=EDGE_CURVE('',#1879,#1878,#845,.T.);
#2238=EDGE_CURVE('',#1880,#1879,#846,.T.);
#2239=EDGE_CURVE('',#1880,#1881,#847,.T.);
#2240=EDGE_CURVE('',#1882,#1881,#848,.T.);
#2241=EDGE_CURVE('',#1883,#1882,#849,.T.);
#2242=EDGE_CURVE('',#1884,#1883,#850,.T.);
#2243=EDGE_CURVE('',#1884,#1885,#851,.T.);
#2244=EDGE_CURVE('',#1886,#1885,#852,.T.);
#2245=EDGE_CURVE('',#1887,#1886,#853,.T.);
#2246=EDGE_CURVE('',#1888,#1887,#854,.T.);
#2247=EDGE_CURVE('',#1888,#1889,#855,.T.);
#2248=EDGE_CURVE('',#1890,#1889,#856,.T.);
#2249=EDGE_CURVE('',#1891,#1890,#857,.T.);
#2250=EDGE_CURVE('',#1892,#1891,#858,.T.);
#2251=EDGE_CURVE('',#1892,#1893,#859,.T.);
#2252=EDGE_CURVE('',#1894,#1893,#860,.T.);
#2253=EDGE_CURVE('',#1895,#1894,#861,.T.);
#2254=EDGE_CURVE('',#1896,#1895,#862,.T.);
#2255=EDGE_CURVE('',#1896,#1897,#863,.T.);
#2256=EDGE_CURVE('',#1898,#1897,#864,.T.);
#2257=EDGE_CURVE('',#1899,#1898,#865,.T.);
#2258=EDGE_CURVE('',#1900,#1899,#866,.T.);
#2259=EDGE_CURVE('',#1900,#1901,#867,.T.);
#2260=EDGE_CURVE('',#1902,#1901,#868,.T.);
#2261=EDGE_CURVE('',#1784,#1902,#869,.T.);
#2262=EDGE_CURVE('',#1815,#1903,#870,.T.);
#2263=EDGE_CURVE('',#1903,#1904,#871,.T.);
#2264=EDGE_CURVE('',#1904,#1816,#872,.T.);
#2265=EDGE_CURVE('',#1759,#1780,#873,.T.);
#2266=EDGE_CURVE('',#1782,#1761,#874,.T.);
#2267=EDGE_CURVE('',#1743,#1776,#875,.T.);
#2268=EDGE_CURVE('',#1778,#1745,#876,.T.);
#2269=EDGE_CURVE('',#1747,#1772,#877,.T.);
#2270=EDGE_CURVE('',#1774,#1749,#878,.T.);
#2271=EDGE_CURVE('',#1758,#1765,#879,.T.);
#2272=EDGE_CURVE('',#1763,#1756,#880,.T.);
#2273=EDGE_CURVE('',#1754,#1768,#881,.T.);
#2274=EDGE_CURVE('',#1770,#1752,#882,.T.);
#2275=EDGE_CURVE('',#1762,#1781,#883,.T.);
#2276=EDGE_CURVE('',#1779,#1760,#884,.T.);
#2277=EDGE_CURVE('',#1775,#1744,#885,.T.);
#2278=EDGE_CURVE('',#1746,#1777,#886,.T.);
#2279=EDGE_CURVE('',#1750,#1773,#887,.T.);
#2280=EDGE_CURVE('',#1771,#1748,#888,.T.);
#2281=EDGE_CURVE('',#1905,#1796,#889,.T.);
#2282=EDGE_CURVE('',#1905,#1906,#890,.T.);
#2283=EDGE_CURVE('',#1797,#1906,#891,.T.);
#2284=EDGE_CURVE('',#1906,#1907,#892,.T.);
#2285=EDGE_CURVE('',#1907,#1798,#893,.T.);
#2286=EDGE_CURVE('',#1795,#1908,#894,.T.);
#2287=EDGE_CURVE('',#1908,#1905,#895,.T.);
#2288=EDGE_CURVE('',#1739,#1720,#896,.T.);
#2289=EDGE_CURVE('',#1719,#1740,#897,.T.);
#2290=EDGE_CURVE('',#1742,#1721,#898,.T.);
#2291=EDGE_CURVE('',#1722,#1741,#899,.T.);
#2292=EDGE_CURVE('',#1909,#1888,#900,.T.);
#2293=EDGE_CURVE('',#1909,#1910,#901,.T.);
#2294=EDGE_CURVE('',#1889,#1910,#902,.T.);
#2295=EDGE_CURVE('',#1891,#1911,#903,.T.);
#2296=EDGE_CURVE('',#1912,#1890,#904,.T.);
#2297=EDGE_CURVE('',#1911,#1912,#905,.T.);
#2298=EDGE_CURVE('',#1910,#1912,#906,.T.);
#2299=EDGE_CURVE('',#1911,#1913,#907,.T.);
#2300=EDGE_CURVE('',#1913,#1892,#908,.T.);
#2301=EDGE_CURVE('',#1914,#1872,#909,.T.);
#2302=EDGE_CURVE('',#1914,#1915,#910,.T.);
#2303=EDGE_CURVE('',#1873,#1915,#911,.T.);
#2304=EDGE_CURVE('',#1875,#1916,#912,.T.);
#2305=EDGE_CURVE('',#1917,#1874,#913,.T.);
#2306=EDGE_CURVE('',#1916,#1917,#914,.T.);
#2307=EDGE_CURVE('',#1915,#1917,#915,.T.);
#2308=EDGE_CURVE('',#1916,#1918,#916,.T.);
#2309=EDGE_CURVE('',#1918,#1876,#917,.T.);
#2310=EDGE_CURVE('',#1919,#1856,#918,.T.);
#2311=EDGE_CURVE('',#1919,#1920,#919,.T.);
#2312=EDGE_CURVE('',#1857,#1920,#920,.T.);
#2313=EDGE_CURVE('',#1859,#1921,#921,.T.);
#2314=EDGE_CURVE('',#1922,#1858,#922,.T.);
#2315=EDGE_CURVE('',#1921,#1922,#923,.T.);
#2316=EDGE_CURVE('',#1920,#1922,#924,.T.);
#2317=EDGE_CURVE('',#1921,#1923,#925,.T.);
#2318=EDGE_CURVE('',#1923,#1860,#926,.T.);
#2319=EDGE_CURVE('',#1924,#1840,#927,.T.);
#2320=EDGE_CURVE('',#1924,#1925,#928,.T.);
#2321=EDGE_CURVE('',#1841,#1925,#929,.T.);
#2322=EDGE_CURVE('',#1843,#1926,#930,.T.);
#2323=EDGE_CURVE('',#1927,#1842,#931,.T.);
#2324=EDGE_CURVE('',#1926,#1927,#932,.T.);
#2325=EDGE_CURVE('',#1925,#1927,#933,.T.);
#2326=EDGE_CURVE('',#1926,#1928,#934,.T.);
#2327=EDGE_CURVE('',#1928,#1844,#935,.T.);
#2328=EDGE_CURVE('',#1929,#1824,#936,.T.);
#2329=EDGE_CURVE('',#1929,#1930,#937,.T.);
#2330=EDGE_CURVE('',#1825,#1930,#938,.T.);
#2331=EDGE_CURVE('',#1827,#1931,#939,.T.);
#2332=EDGE_CURVE('',#1932,#1826,#940,.T.);
#2333=EDGE_CURVE('',#1931,#1932,#941,.T.);
#2334=EDGE_CURVE('',#1930,#1932,#942,.T.);
#2335=EDGE_CURVE('',#1931,#1933,#943,.T.);
#2336=EDGE_CURVE('',#1933,#1828,#944,.T.);
#2337=EDGE_CURVE('',#1934,#1808,#945,.T.);
#2338=EDGE_CURVE('',#1934,#1935,#946,.T.);
#2339=EDGE_CURVE('',#1809,#1935,#947,.T.);
#2340=EDGE_CURVE('',#1811,#1936,#948,.T.);
#2341=EDGE_CURVE('',#1937,#1810,#949,.T.);
#2342=EDGE_CURVE('',#1936,#1937,#950,.T.);
#2343=EDGE_CURVE('',#1935,#1937,#951,.T.);
#2344=EDGE_CURVE('',#1936,#1938,#952,.T.);
#2345=EDGE_CURVE('',#1938,#1812,#953,.T.);
#2346=EDGE_CURVE('',#1938,#1939,#954,.T.);
#2347=EDGE_CURVE('',#1813,#1939,#955,.T.);
#2348=EDGE_CURVE('',#1940,#1814,#956,.T.);
#2349=EDGE_CURVE('',#1903,#1940,#957,.T.);
#2350=EDGE_CURVE('',#1939,#1940,#958,.T.);
#2351=EDGE_CURVE('',#1755,#1764,#959,.T.);
#2352=EDGE_CURVE('',#1766,#1757,#960,.T.);
#2353=EDGE_CURVE('',#1933,#1941,#961,.T.);
#2354=EDGE_CURVE('',#1829,#1941,#962,.T.);
#2355=EDGE_CURVE('',#1831,#1942,#963,.T.);
#2356=EDGE_CURVE('',#1943,#1830,#964,.T.);
#2357=EDGE_CURVE('',#1942,#1943,#965,.T.);
#2358=EDGE_CURVE('',#1941,#1943,#966,.T.);
#2359=EDGE_CURVE('',#1942,#1944,#967,.T.);
#2360=EDGE_CURVE('',#1944,#1832,#968,.T.);
#2361=EDGE_CURVE('',#1928,#1945,#969,.T.);
#2362=EDGE_CURVE('',#1845,#1945,#970,.T.);
#2363=EDGE_CURVE('',#1847,#1946,#971,.T.);
#2364=EDGE_CURVE('',#1947,#1846,#972,.T.);
#2365=EDGE_CURVE('',#1946,#1947,#973,.T.);
#2366=EDGE_CURVE('',#1945,#1947,#974,.T.);
#2367=EDGE_CURVE('',#1946,#1948,#975,.T.);
#2368=EDGE_CURVE('',#1948,#1848,#976,.T.);
#2369=EDGE_CURVE('',#1923,#1949,#977,.T.);
#2370=EDGE_CURVE('',#1861,#1949,#978,.T.);
#2371=EDGE_CURVE('',#1863,#1950,#979,.T.);
#2372=EDGE_CURVE('',#1951,#1862,#980,.T.);
#2373=EDGE_CURVE('',#1950,#1951,#981,.T.);
#2374=EDGE_CURVE('',#1949,#1951,#982,.T.);
#2375=EDGE_CURVE('',#1950,#1952,#983,.T.);
#2376=EDGE_CURVE('',#1952,#1864,#984,.T.);
#2377=EDGE_CURVE('',#1918,#1953,#985,.T.);
#2378=EDGE_CURVE('',#1877,#1953,#986,.T.);
#2379=EDGE_CURVE('',#1879,#1954,#987,.T.);
#2380=EDGE_CURVE('',#1955,#1878,#988,.T.);
#2381=EDGE_CURVE('',#1954,#1955,#989,.T.);
#2382=EDGE_CURVE('',#1953,#1955,#990,.T.);
#2383=EDGE_CURVE('',#1954,#1956,#991,.T.);
#2384=EDGE_CURVE('',#1956,#1880,#992,.T.);
#2385=EDGE_CURVE('',#1913,#1957,#993,.T.);
#2386=EDGE_CURVE('',#1893,#1957,#994,.T.);
#2387=EDGE_CURVE('',#1895,#1958,#995,.T.);
#2388=EDGE_CURVE('',#1959,#1894,#996,.T.);
#2389=EDGE_CURVE('',#1958,#1959,#997,.T.);
#2390=EDGE_CURVE('',#1957,#1959,#998,.T.);
#2391=EDGE_CURVE('',#1958,#1960,#999,.T.);
#2392=EDGE_CURVE('',#1960,#1896,#1000,.T.);
#2393=EDGE_CURVE('',#1723,#1716,#1001,.T.);
#2394=EDGE_CURVE('',#1715,#1724,#1002,.T.);
#2395=EDGE_CURVE('',#1726,#1717,#1003,.T.);
#2396=EDGE_CURVE('',#1718,#1725,#1004,.T.);
#2397=EDGE_CURVE('',#1961,#1783,#1005,.T.);
#2398=EDGE_CURVE('',#1961,#1962,#1006,.T.);
#2399=EDGE_CURVE('',#1785,#1962,#1007,.T.);
#2400=EDGE_CURVE('',#1787,#1963,#1008,.T.);
#2401=EDGE_CURVE('',#1964,#1786,#1009,.T.);
#2402=EDGE_CURVE('',#1963,#1964,#1010,.T.);
#2403=EDGE_CURVE('',#1962,#1964,#1011,.T.);
#2404=EDGE_CURVE('',#1963,#1965,#1012,.T.);
#2405=EDGE_CURVE('',#1965,#1788,#1013,.T.);
#2406=EDGE_CURVE('',#1966,#1792,#1014,.T.);
#2407=EDGE_CURVE('',#1966,#1967,#1015,.T.);
#2408=EDGE_CURVE('',#1793,#1967,#1016,.T.);
#2409=EDGE_CURVE('',#1968,#1794,#1017,.T.);
#2410=EDGE_CURVE('',#1908,#1968,#1018,.T.);
#2411=EDGE_CURVE('',#1967,#1968,#1019,.T.);
#2412=EDGE_CURVE('',#1969,#1900,#1020,.T.);
#2413=EDGE_CURVE('',#1969,#1970,#1021,.T.);
#2414=EDGE_CURVE('',#1901,#1970,#1022,.T.);
#2415=EDGE_CURVE('',#1784,#1971,#1023,.T.);
#2416=EDGE_CURVE('',#1972,#1902,#1024,.T.);
#2417=EDGE_CURVE('',#1971,#1972,#1025,.T.);
#2418=EDGE_CURVE('',#1970,#1972,#1026,.T.);
#2419=EDGE_CURVE('',#1971,#1961,#1027,.T.);
#2420=EDGE_CURVE('',#1710,#1729,#1028,.T.);
#2421=EDGE_CURVE('',#1727,#1708,#1029,.T.);
#2422=EDGE_CURVE('',#1973,#1884,#1030,.T.);
#2423=EDGE_CURVE('',#1973,#1974,#1031,.T.);
#2424=EDGE_CURVE('',#1885,#1974,#1032,.T.);
#2425=EDGE_CURVE('',#1887,#1975,#1033,.T.);
#2426=EDGE_CURVE('',#1976,#1886,#1034,.T.);
#2427=EDGE_CURVE('',#1975,#1976,#1035,.T.);
#2428=EDGE_CURVE('',#1974,#1976,#1036,.T.);
#2429=EDGE_CURVE('',#1975,#1909,#1037,.T.);
#2430=EDGE_CURVE('',#1977,#1868,#1038,.T.);
#2431=EDGE_CURVE('',#1977,#1978,#1039,.T.);
#2432=EDGE_CURVE('',#1869,#1978,#1040,.T.);
#2433=EDGE_CURVE('',#1871,#1979,#1041,.T.);
#2434=EDGE_CURVE('',#1980,#1870,#1042,.T.);
#2435=EDGE_CURVE('',#1979,#1980,#1043,.T.);
#2436=EDGE_CURVE('',#1978,#1980,#1044,.T.);
#2437=EDGE_CURVE('',#1979,#1914,#1045,.T.);
#2438=EDGE_CURVE('',#1981,#1852,#1046,.T.);
#2439=EDGE_CURVE('',#1981,#1982,#1047,.T.);
#2440=EDGE_CURVE('',#1853,#1982,#1048,.T.);
#2441=EDGE_CURVE('',#1855,#1983,#1049,.T.);
#2442=EDGE_CURVE('',#1984,#1854,#1050,.T.);
#2443=EDGE_CURVE('',#1983,#1984,#1051,.T.);
#2444=EDGE_CURVE('',#1982,#1984,#1052,.T.);
#2445=EDGE_CURVE('',#1983,#1919,#1053,.T.);
#2446=EDGE_CURVE('',#1985,#1836,#1054,.T.);
#2447=EDGE_CURVE('',#1985,#1986,#1055,.T.);
#2448=EDGE_CURVE('',#1837,#1986,#1056,.T.);
#2449=EDGE_CURVE('',#1839,#1987,#1057,.T.);
#2450=EDGE_CURVE('',#1988,#1838,#1058,.T.);
#2451=EDGE_CURVE('',#1987,#1988,#1059,.T.);
#2452=EDGE_CURVE('',#1986,#1988,#1060,.T.);
#2453=EDGE_CURVE('',#1987,#1924,#1061,.T.);
#2454=EDGE_CURVE('',#1989,#1820,#1062,.T.);
#2455=EDGE_CURVE('',#1989,#1990,#1063,.T.);
#2456=EDGE_CURVE('',#1821,#1990,#1064,.T.);
#2457=EDGE_CURVE('',#1823,#1991,#1065,.T.);
#2458=EDGE_CURVE('',#1992,#1822,#1066,.T.);
#2459=EDGE_CURVE('',#1991,#1992,#1067,.T.);
#2460=EDGE_CURVE('',#1990,#1992,#1068,.T.);
#2461=EDGE_CURVE('',#1991,#1929,#1069,.T.);
#2462=EDGE_CURVE('',#1993,#1804,#1070,.T.);
#2463=EDGE_CURVE('',#1993,#1994,#1071,.T.);
#2464=EDGE_CURVE('',#1805,#1994,#1072,.T.);
#2465=EDGE_CURVE('',#1807,#1995,#1073,.T.);
#2466=EDGE_CURVE('',#1996,#1806,#1074,.T.);
#2467=EDGE_CURVE('',#1995,#1996,#1075,.T.);
#2468=EDGE_CURVE('',#1994,#1996,#1076,.T.);
#2469=EDGE_CURVE('',#1995,#1934,#1077,.T.);
#2470=EDGE_CURVE('',#1803,#1997,#1078,.T.);
#2471=EDGE_CURVE('',#1998,#1802,#1079,.T.);
#2472=EDGE_CURVE('',#1997,#1998,#1080,.T.);
#2473=EDGE_CURVE('',#1801,#1999,#1081,.T.);
#2474=EDGE_CURVE('',#1999,#1998,#1082,.T.);
#2475=EDGE_CURVE('',#1997,#1993,#1083,.T.);
#2476=EDGE_CURVE('',#1751,#1769,#1084,.T.);
#2477=EDGE_CURVE('',#1767,#1753,#1085,.T.);
#2478=EDGE_CURVE('',#1904,#2000,#1086,.T.);
#2479=EDGE_CURVE('',#1817,#2000,#1087,.T.);
#2480=EDGE_CURVE('',#1819,#2001,#1088,.T.);
#2481=EDGE_CURVE('',#2002,#1818,#1089,.T.);
#2482=EDGE_CURVE('',#2001,#2002,#1090,.T.);
#2483=EDGE_CURVE('',#2000,#2002,#1091,.T.);
#2484=EDGE_CURVE('',#2001,#1989,#1092,.T.);
#2485=EDGE_CURVE('',#1944,#2003,#1093,.T.);
#2486=EDGE_CURVE('',#1833,#2003,#1094,.T.);
#2487=EDGE_CURVE('',#1835,#2004,#1095,.T.);
#2488=EDGE_CURVE('',#2005,#1834,#1096,.T.);
#2489=EDGE_CURVE('',#2004,#2005,#1097,.T.);
#2490=EDGE_CURVE('',#2003,#2005,#1098,.T.);
#2491=EDGE_CURVE('',#2004,#1985,#1099,.T.);
#2492=EDGE_CURVE('',#1948,#2006,#1100,.T.);
#2493=EDGE_CURVE('',#1849,#2006,#1101,.T.);
#2494=EDGE_CURVE('',#1851,#2007,#1102,.T.);
#2495=EDGE_CURVE('',#2008,#1850,#1103,.T.);
#2496=EDGE_CURVE('',#2007,#2008,#1104,.T.);
#2497=EDGE_CURVE('',#2006,#2008,#1105,.T.);
#2498=EDGE_CURVE('',#2007,#1981,#1106,.T.);
#2499=EDGE_CURVE('',#1952,#2009,#1107,.T.);
#2500=EDGE_CURVE('',#1865,#2009,#1108,.T.);
#2501=EDGE_CURVE('',#1867,#2010,#1109,.T.);
#2502=EDGE_CURVE('',#2011,#1866,#1110,.T.);
#2503=EDGE_CURVE('',#2010,#2011,#1111,.T.);
#2504=EDGE_CURVE('',#2009,#2011,#1112,.T.);
#2505=EDGE_CURVE('',#2010,#1977,#1113,.T.);
#2506=EDGE_CURVE('',#1956,#2012,#1114,.T.);
#2507=EDGE_CURVE('',#1881,#2012,#1115,.T.);
#2508=EDGE_CURVE('',#1883,#2013,#1116,.T.);
#2509=EDGE_CURVE('',#2014,#1882,#1117,.T.);
#2510=EDGE_CURVE('',#2013,#2014,#1118,.T.);
#2511=EDGE_CURVE('',#2012,#2014,#1119,.T.);
#2512=EDGE_CURVE('',#2013,#1973,#1120,.T.);
#2513=EDGE_CURVE('',#1960,#2015,#1121,.T.);
#2514=EDGE_CURVE('',#1897,#2015,#1122,.T.);
#2515=EDGE_CURVE('',#1899,#2016,#1123,.T.);
#2516=EDGE_CURVE('',#2017,#1898,#1124,.T.);
#2517=EDGE_CURVE('',#2016,#2017,#1125,.T.);
#2518=EDGE_CURVE('',#2015,#2017,#1126,.T.);
#2519=EDGE_CURVE('',#2016,#1969,#1127,.T.);
#2520=EDGE_CURVE('',#1707,#1728,#1128,.T.);
#2521=EDGE_CURVE('',#1730,#1709,#1129,.T.);
#2522=EDGE_CURVE('',#1965,#2018,#1130,.T.);
#2523=EDGE_CURVE('',#1789,#2018,#1131,.T.);
#2524=EDGE_CURVE('',#1791,#2019,#1132,.T.);
#2525=EDGE_CURVE('',#2020,#1790,#1133,.T.);
#2526=EDGE_CURVE('',#2019,#2020,#1134,.T.);
#2527=EDGE_CURVE('',#2018,#2020,#1135,.T.);
#2528=EDGE_CURVE('',#2019,#1966,#1136,.T.);
#2529=EDGE_CURVE('',#2021,#1800,#1137,.T.);
#2530=EDGE_CURVE('',#2021,#1999,#1138,.T.);
#2531=EDGE_CURVE('',#1799,#2022,#1139,.T.);
#2532=EDGE_CURVE('',#2022,#1907,#1140,.T.);
#2533=EDGE_CURVE('',#2022,#2021,#1141,.T.);
#2534=EDGE_CURVE('',#2023,#2023,#1688,.T.);
#2535=EDGE_CURVE('',#2023,#2024,#1142,.T.);
#2536=EDGE_CURVE('',#2024,#2024,#1689,.T.);
#2537=EDGE_CURVE('',#2025,#2025,#1690,.T.);
#2538=EDGE_CURVE('',#2025,#2026,#1691,.T.);
#2539=EDGE_CURVE('',#2026,#2026,#1692,.T.);
#2540=EDGE_CURVE('',#2027,#2028,#1143,.T.);
#2541=EDGE_CURVE('',#2028,#2029,#1144,.T.);
#2542=EDGE_CURVE('',#2029,#2030,#1145,.T.);
#2543=EDGE_CURVE('',#2030,#2031,#1146,.T.);
#2544=EDGE_CURVE('',#2031,#2032,#1147,.T.);
#2545=EDGE_CURVE('',#2032,#2027,#1148,.T.);
#2546=EDGE_CURVE('',#2033,#2033,#1693,.T.);
#2547=EDGE_CURVE('',#2033,#2025,#1149,.T.);
#2548=EDGE_CURVE('',#2034,#2035,#1150,.T.);
#2549=EDGE_CURVE('',#2036,#2034,#1151,.T.);
#2550=EDGE_CURVE('',#2036,#2035,#1152,.T.);
#2551=EDGE_CURVE('',#2037,#2036,#1153,.T.);
#2552=EDGE_CURVE('',#2037,#2035,#1154,.T.);
#2553=EDGE_CURVE('',#2038,#2037,#1155,.T.);
#2554=EDGE_CURVE('',#2038,#2035,#1156,.T.);
#2555=EDGE_CURVE('',#2039,#2038,#1157,.T.);
#2556=EDGE_CURVE('',#2039,#2035,#1158,.T.);
#2557=EDGE_CURVE('',#2040,#2039,#1159,.T.);
#2558=EDGE_CURVE('',#2040,#2035,#1160,.T.);
#2559=EDGE_CURVE('',#2034,#2040,#1161,.T.);
#2560=EDGE_CURVE('',#2027,#2036,#1162,.T.);
#2561=EDGE_CURVE('',#2028,#2034,#1163,.T.);
#2562=EDGE_CURVE('',#2032,#2037,#1164,.T.);
#2563=EDGE_CURVE('',#2031,#2038,#1165,.T.);
#2564=EDGE_CURVE('',#2030,#2039,#1166,.T.);
#2565=EDGE_CURVE('',#2029,#2040,#1167,.T.);
#2566=EDGE_CURVE('',#2023,#2041,#1168,.T.);
#2567=EDGE_CURVE('',#2041,#2041,#1694,.F.);
#2568=ORIENTED_EDGE('',*,*,#2042,.F.);
#2569=ORIENTED_EDGE('',*,*,#2043,.T.);
#2570=ORIENTED_EDGE('',*,*,#2044,.F.);
#2571=ORIENTED_EDGE('',*,*,#2043,.F.);
#2572=ORIENTED_EDGE('',*,*,#2045,.F.);
#2573=ORIENTED_EDGE('',*,*,#2046,.T.);
#2574=ORIENTED_EDGE('',*,*,#2047,.F.);
#2575=ORIENTED_EDGE('',*,*,#2046,.F.);
#2576=ORIENTED_EDGE('',*,*,#2048,.F.);
#2577=ORIENTED_EDGE('',*,*,#2049,.T.);
#2578=ORIENTED_EDGE('',*,*,#2050,.F.);
#2579=ORIENTED_EDGE('',*,*,#2049,.F.);
#2580=ORIENTED_EDGE('',*,*,#2051,.F.);
#2581=ORIENTED_EDGE('',*,*,#2052,.T.);
#2582=ORIENTED_EDGE('',*,*,#2053,.F.);
#2583=ORIENTED_EDGE('',*,*,#2052,.F.);
#2584=ORIENTED_EDGE('',*,*,#2054,.F.);
#2585=ORIENTED_EDGE('',*,*,#2055,.F.);
#2586=ORIENTED_EDGE('',*,*,#2056,.F.);
#2587=ORIENTED_EDGE('',*,*,#2057,.F.);
#2588=ORIENTED_EDGE('',*,*,#2058,.F.);
#2589=ORIENTED_EDGE('',*,*,#2059,.F.);
#2590=ORIENTED_EDGE('',*,*,#2060,.F.);
#2591=ORIENTED_EDGE('',*,*,#2061,.F.);
#2592=ORIENTED_EDGE('',*,*,#2062,.F.);
#2593=ORIENTED_EDGE('',*,*,#2063,.F.);
#2594=ORIENTED_EDGE('',*,*,#2064,.F.);
#2595=ORIENTED_EDGE('',*,*,#2065,.F.);
#2596=ORIENTED_EDGE('',*,*,#2066,.F.);
#2597=ORIENTED_EDGE('',*,*,#2067,.F.);
#2598=ORIENTED_EDGE('',*,*,#2068,.F.);
#2599=ORIENTED_EDGE('',*,*,#2069,.F.);
#2600=ORIENTED_EDGE('',*,*,#2070,.F.);
#2601=ORIENTED_EDGE('',*,*,#2071,.F.);
#2602=ORIENTED_EDGE('',*,*,#2072,.F.);
#2603=ORIENTED_EDGE('',*,*,#2073,.F.);
#2604=ORIENTED_EDGE('',*,*,#2074,.F.);
#2605=ORIENTED_EDGE('',*,*,#2075,.T.);
#2606=ORIENTED_EDGE('',*,*,#2076,.F.);
#2607=ORIENTED_EDGE('',*,*,#2077,.F.);
#2608=ORIENTED_EDGE('',*,*,#2078,.F.);
#2609=ORIENTED_EDGE('',*,*,#2079,.T.);
#2610=ORIENTED_EDGE('',*,*,#2080,.F.);
#2611=ORIENTED_EDGE('',*,*,#2081,.F.);
#2612=ORIENTED_EDGE('',*,*,#2082,.F.);
#2613=ORIENTED_EDGE('',*,*,#2083,.F.);
#2614=ORIENTED_EDGE('',*,*,#2084,.F.);
#2615=ORIENTED_EDGE('',*,*,#2085,.T.);
#2616=ORIENTED_EDGE('',*,*,#2086,.F.);
#2617=ORIENTED_EDGE('',*,*,#2087,.F.);
#2618=ORIENTED_EDGE('',*,*,#2088,.F.);
#2619=ORIENTED_EDGE('',*,*,#2089,.T.);
#2620=ORIENTED_EDGE('',*,*,#2090,.F.);
#2621=ORIENTED_EDGE('',*,*,#2091,.T.);
#2622=ORIENTED_EDGE('',*,*,#2092,.F.);
#2623=ORIENTED_EDGE('',*,*,#2093,.F.);
#2624=ORIENTED_EDGE('',*,*,#2094,.F.);
#2625=ORIENTED_EDGE('',*,*,#2095,.T.);
#2626=ORIENTED_EDGE('',*,*,#2096,.F.);
#2627=ORIENTED_EDGE('',*,*,#2097,.F.);
#2628=ORIENTED_EDGE('',*,*,#2098,.F.);
#2629=ORIENTED_EDGE('',*,*,#2099,.T.);
#2630=ORIENTED_EDGE('',*,*,#2100,.F.);
#2631=ORIENTED_EDGE('',*,*,#2101,.F.);
#2632=ORIENTED_EDGE('',*,*,#2102,.F.);
#2633=ORIENTED_EDGE('',*,*,#2103,.F.);
#2634=ORIENTED_EDGE('',*,*,#2104,.F.);
#2635=ORIENTED_EDGE('',*,*,#2105,.T.);
#2636=ORIENTED_EDGE('',*,*,#2106,.F.);
#2637=ORIENTED_EDGE('',*,*,#2107,.F.);
#2638=ORIENTED_EDGE('',*,*,#2108,.F.);
#2639=ORIENTED_EDGE('',*,*,#2109,.T.);
#2640=ORIENTED_EDGE('',*,*,#2110,.F.);
#2641=ORIENTED_EDGE('',*,*,#2111,.T.);
#2642=ORIENTED_EDGE('',*,*,#2112,.F.);
#2643=ORIENTED_EDGE('',*,*,#2113,.F.);
#2644=ORIENTED_EDGE('',*,*,#2114,.F.);
#2645=ORIENTED_EDGE('',*,*,#2115,.F.);
#2646=ORIENTED_EDGE('',*,*,#2116,.F.);
#2647=ORIENTED_EDGE('',*,*,#2117,.F.);
#2648=ORIENTED_EDGE('',*,*,#2118,.F.);
#2649=ORIENTED_EDGE('',*,*,#2119,.F.);
#2650=ORIENTED_EDGE('',*,*,#2120,.F.);
#2651=ORIENTED_EDGE('',*,*,#2121,.F.);
#2652=ORIENTED_EDGE('',*,*,#2122,.F.);
#2653=ORIENTED_EDGE('',*,*,#2123,.F.);
#2654=ORIENTED_EDGE('',*,*,#2124,.F.);
#2655=ORIENTED_EDGE('',*,*,#2125,.F.);
#2656=ORIENTED_EDGE('',*,*,#2126,.F.);
#2657=ORIENTED_EDGE('',*,*,#2127,.F.);
#2658=ORIENTED_EDGE('',*,*,#2128,.F.);
#2659=ORIENTED_EDGE('',*,*,#2129,.F.);
#2660=ORIENTED_EDGE('',*,*,#2130,.F.);
#2661=ORIENTED_EDGE('',*,*,#2131,.F.);
#2662=ORIENTED_EDGE('',*,*,#2132,.F.);
#2663=ORIENTED_EDGE('',*,*,#2133,.F.);
#2664=ORIENTED_EDGE('',*,*,#2062,.T.);
#2665=ORIENTED_EDGE('',*,*,#2134,.F.);
#2666=ORIENTED_EDGE('',*,*,#2086,.T.);
#2667=ORIENTED_EDGE('',*,*,#2135,.F.);
#2668=ORIENTED_EDGE('',*,*,#2065,.T.);
#2669=ORIENTED_EDGE('',*,*,#2136,.T.);
#2670=ORIENTED_EDGE('',*,*,#2087,.T.);
#2671=ORIENTED_EDGE('',*,*,#2134,.T.);
#2672=ORIENTED_EDGE('',*,*,#2064,.T.);
#2673=ORIENTED_EDGE('',*,*,#2137,.F.);
#2674=ORIENTED_EDGE('',*,*,#2088,.T.);
#2675=ORIENTED_EDGE('',*,*,#2136,.F.);
#2676=ORIENTED_EDGE('',*,*,#2054,.T.);
#2677=ORIENTED_EDGE('',*,*,#2138,.F.);
#2678=ORIENTED_EDGE('',*,*,#2082,.T.);
#2679=ORIENTED_EDGE('',*,*,#2139,.F.);
#2680=ORIENTED_EDGE('',*,*,#2057,.T.);
#2681=ORIENTED_EDGE('',*,*,#2140,.T.);
#2682=ORIENTED_EDGE('',*,*,#2083,.T.);
#2683=ORIENTED_EDGE('',*,*,#2138,.T.);
#2684=ORIENTED_EDGE('',*,*,#2056,.T.);
#2685=ORIENTED_EDGE('',*,*,#2141,.F.);
#2686=ORIENTED_EDGE('',*,*,#2084,.T.);
#2687=ORIENTED_EDGE('',*,*,#2140,.F.);
#2688=ORIENTED_EDGE('',*,*,#2142,.F.);
#2689=ORIENTED_EDGE('',*,*,#2143,.T.);
#2690=ORIENTED_EDGE('',*,*,#2144,.F.);
#2691=ORIENTED_EDGE('',*,*,#2145,.F.);
#2692=ORIENTED_EDGE('',*,*,#2146,.F.);
#2693=ORIENTED_EDGE('',*,*,#2147,.T.);
#2694=ORIENTED_EDGE('',*,*,#2148,.F.);
#2695=ORIENTED_EDGE('',*,*,#2149,.F.);
#2696=ORIENTED_EDGE('',*,*,#2150,.F.);
#2697=ORIENTED_EDGE('',*,*,#2151,.T.);
#2698=ORIENTED_EDGE('',*,*,#2152,.F.);
#2699=ORIENTED_EDGE('',*,*,#2153,.F.);
#2700=ORIENTED_EDGE('',*,*,#2154,.F.);
#2701=ORIENTED_EDGE('',*,*,#2155,.T.);
#2702=ORIENTED_EDGE('',*,*,#2156,.F.);
#2703=ORIENTED_EDGE('',*,*,#2157,.F.);
#2704=ORIENTED_EDGE('',*,*,#2158,.F.);
#2705=ORIENTED_EDGE('',*,*,#2159,.T.);
#2706=ORIENTED_EDGE('',*,*,#2160,.F.);
#2707=ORIENTED_EDGE('',*,*,#2161,.F.);
#2708=ORIENTED_EDGE('',*,*,#2162,.F.);
#2709=ORIENTED_EDGE('',*,*,#2163,.T.);
#2710=ORIENTED_EDGE('',*,*,#2164,.F.);
#2711=ORIENTED_EDGE('',*,*,#2165,.F.);
#2712=ORIENTED_EDGE('',*,*,#2166,.F.);
#2713=ORIENTED_EDGE('',*,*,#2167,.T.);
#2714=ORIENTED_EDGE('',*,*,#2168,.F.);
#2715=ORIENTED_EDGE('',*,*,#2169,.F.);
#2716=ORIENTED_EDGE('',*,*,#2170,.F.);
#2717=ORIENTED_EDGE('',*,*,#2171,.T.);
#2718=ORIENTED_EDGE('',*,*,#2172,.F.);
#2719=ORIENTED_EDGE('',*,*,#2173,.F.);
#2720=ORIENTED_EDGE('',*,*,#2174,.F.);
#2721=ORIENTED_EDGE('',*,*,#2175,.T.);
#2722=ORIENTED_EDGE('',*,*,#2176,.F.);
#2723=ORIENTED_EDGE('',*,*,#2177,.F.);
#2724=ORIENTED_EDGE('',*,*,#2178,.F.);
#2725=ORIENTED_EDGE('',*,*,#2179,.T.);
#2726=ORIENTED_EDGE('',*,*,#2180,.F.);
#2727=ORIENTED_EDGE('',*,*,#2181,.F.);
#2728=ORIENTED_EDGE('',*,*,#2182,.F.);
#2729=ORIENTED_EDGE('',*,*,#2183,.T.);
#2730=ORIENTED_EDGE('',*,*,#2184,.F.);
#2731=ORIENTED_EDGE('',*,*,#2185,.F.);
#2732=ORIENTED_EDGE('',*,*,#2186,.F.);
#2733=ORIENTED_EDGE('',*,*,#2187,.T.);
#2734=ORIENTED_EDGE('',*,*,#2188,.F.);
#2735=ORIENTED_EDGE('',*,*,#2189,.F.);
#2736=ORIENTED_EDGE('',*,*,#2190,.F.);
#2737=ORIENTED_EDGE('',*,*,#2191,.T.);
#2738=ORIENTED_EDGE('',*,*,#2192,.F.);
#2739=ORIENTED_EDGE('',*,*,#2193,.F.);
#2740=ORIENTED_EDGE('',*,*,#2194,.F.);
#2741=ORIENTED_EDGE('',*,*,#2195,.T.);
#2742=ORIENTED_EDGE('',*,*,#2196,.F.);
#2743=ORIENTED_EDGE('',*,*,#2197,.F.);
#2744=ORIENTED_EDGE('',*,*,#2198,.F.);
#2745=ORIENTED_EDGE('',*,*,#2199,.T.);
#2746=ORIENTED_EDGE('',*,*,#2200,.F.);
#2747=ORIENTED_EDGE('',*,*,#2201,.F.);
#2748=ORIENTED_EDGE('',*,*,#2202,.F.);
#2749=ORIENTED_EDGE('',*,*,#2203,.T.);
#2750=ORIENTED_EDGE('',*,*,#2204,.F.);
#2751=ORIENTED_EDGE('',*,*,#2205,.F.);
#2752=ORIENTED_EDGE('',*,*,#2206,.F.);
#2753=ORIENTED_EDGE('',*,*,#2207,.T.);
#2754=ORIENTED_EDGE('',*,*,#2208,.F.);
#2755=ORIENTED_EDGE('',*,*,#2209,.F.);
#2756=ORIENTED_EDGE('',*,*,#2210,.F.);
#2757=ORIENTED_EDGE('',*,*,#2211,.T.);
#2758=ORIENTED_EDGE('',*,*,#2212,.F.);
#2759=ORIENTED_EDGE('',*,*,#2213,.F.);
#2760=ORIENTED_EDGE('',*,*,#2214,.F.);
#2761=ORIENTED_EDGE('',*,*,#2215,.T.);
#2762=ORIENTED_EDGE('',*,*,#2216,.F.);
#2763=ORIENTED_EDGE('',*,*,#2217,.F.);
#2764=ORIENTED_EDGE('',*,*,#2218,.F.);
#2765=ORIENTED_EDGE('',*,*,#2219,.T.);
#2766=ORIENTED_EDGE('',*,*,#2220,.F.);
#2767=ORIENTED_EDGE('',*,*,#2221,.F.);
#2768=ORIENTED_EDGE('',*,*,#2222,.F.);
#2769=ORIENTED_EDGE('',*,*,#2223,.T.);
#2770=ORIENTED_EDGE('',*,*,#2224,.F.);
#2771=ORIENTED_EDGE('',*,*,#2225,.F.);
#2772=ORIENTED_EDGE('',*,*,#2226,.F.);
#2773=ORIENTED_EDGE('',*,*,#2227,.T.);
#2774=ORIENTED_EDGE('',*,*,#2228,.F.);
#2775=ORIENTED_EDGE('',*,*,#2229,.F.);
#2776=ORIENTED_EDGE('',*,*,#2230,.F.);
#2777=ORIENTED_EDGE('',*,*,#2231,.T.);
#2778=ORIENTED_EDGE('',*,*,#2232,.F.);
#2779=ORIENTED_EDGE('',*,*,#2233,.F.);
#2780=ORIENTED_EDGE('',*,*,#2234,.F.);
#2781=ORIENTED_EDGE('',*,*,#2235,.T.);
#2782=ORIENTED_EDGE('',*,*,#2236,.F.);
#2783=ORIENTED_EDGE('',*,*,#2237,.F.);
#2784=ORIENTED_EDGE('',*,*,#2238,.F.);
#2785=ORIENTED_EDGE('',*,*,#2239,.T.);
#2786=ORIENTED_EDGE('',*,*,#2240,.F.);
#2787=ORIENTED_EDGE('',*,*,#2241,.F.);
#2788=ORIENTED_EDGE('',*,*,#2242,.F.);
#2789=ORIENTED_EDGE('',*,*,#2243,.T.);
#2790=ORIENTED_EDGE('',*,*,#2244,.F.);
#2791=ORIENTED_EDGE('',*,*,#2245,.F.);
#2792=ORIENTED_EDGE('',*,*,#2246,.F.);
#2793=ORIENTED_EDGE('',*,*,#2247,.T.);
#2794=ORIENTED_EDGE('',*,*,#2248,.F.);
#2795=ORIENTED_EDGE('',*,*,#2249,.F.);
#2796=ORIENTED_EDGE('',*,*,#2250,.F.);
#2797=ORIENTED_EDGE('',*,*,#2251,.T.);
#2798=ORIENTED_EDGE('',*,*,#2252,.F.);
#2799=ORIENTED_EDGE('',*,*,#2253,.F.);
#2800=ORIENTED_EDGE('',*,*,#2254,.F.);
#2801=ORIENTED_EDGE('',*,*,#2255,.T.);
#2802=ORIENTED_EDGE('',*,*,#2256,.F.);
#2803=ORIENTED_EDGE('',*,*,#2257,.F.);
#2804=ORIENTED_EDGE('',*,*,#2258,.F.);
#2805=ORIENTED_EDGE('',*,*,#2259,.T.);
#2806=ORIENTED_EDGE('',*,*,#2260,.F.);
#2807=ORIENTED_EDGE('',*,*,#2261,.F.);
#2808=ORIENTED_EDGE('',*,*,#2174,.T.);
#2809=ORIENTED_EDGE('',*,*,#2262,.T.);
#2810=ORIENTED_EDGE('',*,*,#2263,.T.);
#2811=ORIENTED_EDGE('',*,*,#2264,.T.);
#2812=ORIENTED_EDGE('',*,*,#2045,.T.);
#2813=ORIENTED_EDGE('',*,*,#2051,.T.);
#2814=ORIENTED_EDGE('',*,*,#2265,.T.);
#2815=ORIENTED_EDGE('',*,*,#2133,.T.);
#2816=ORIENTED_EDGE('',*,*,#2266,.T.);
#2817=ORIENTED_EDGE('',*,*,#2111,.F.);
#2818=ORIENTED_EDGE('',*,*,#2267,.T.);
#2819=ORIENTED_EDGE('',*,*,#2129,.T.);
#2820=ORIENTED_EDGE('',*,*,#2268,.T.);
#2821=ORIENTED_EDGE('',*,*,#2095,.F.);
#2822=ORIENTED_EDGE('',*,*,#2269,.T.);
#2823=ORIENTED_EDGE('',*,*,#2125,.T.);
#2824=ORIENTED_EDGE('',*,*,#2270,.T.);
#2825=ORIENTED_EDGE('',*,*,#2099,.F.);
#2826=ORIENTED_EDGE('',*,*,#2109,.F.);
#2827=ORIENTED_EDGE('',*,*,#2271,.T.);
#2828=ORIENTED_EDGE('',*,*,#2115,.T.);
#2829=ORIENTED_EDGE('',*,*,#2272,.T.);
#2830=ORIENTED_EDGE('',*,*,#2105,.F.);
#2831=ORIENTED_EDGE('',*,*,#2273,.T.);
#2832=ORIENTED_EDGE('',*,*,#2121,.T.);
#2833=ORIENTED_EDGE('',*,*,#2274,.T.);
#2834=ORIENTED_EDGE('',*,*,#2113,.T.);
#2835=ORIENTED_EDGE('',*,*,#2275,.T.);
#2836=ORIENTED_EDGE('',*,*,#2131,.T.);
#2837=ORIENTED_EDGE('',*,*,#2276,.T.);
#2838=ORIENTED_EDGE('',*,*,#2110,.T.);
#2839=ORIENTED_EDGE('',*,*,#2276,.F.);
#2840=ORIENTED_EDGE('',*,*,#2130,.T.);
#2841=ORIENTED_EDGE('',*,*,#2265,.F.);
#2842=ORIENTED_EDGE('',*,*,#2112,.T.);
#2843=ORIENTED_EDGE('',*,*,#2266,.F.);
#2844=ORIENTED_EDGE('',*,*,#2132,.T.);
#2845=ORIENTED_EDGE('',*,*,#2275,.F.);
#2846=ORIENTED_EDGE('',*,*,#2094,.T.);
#2847=ORIENTED_EDGE('',*,*,#2277,.F.);
#2848=ORIENTED_EDGE('',*,*,#2126,.T.);
#2849=ORIENTED_EDGE('',*,*,#2267,.F.);
#2850=ORIENTED_EDGE('',*,*,#2097,.T.);
#2851=ORIENTED_EDGE('',*,*,#2278,.T.);
#2852=ORIENTED_EDGE('',*,*,#2127,.T.);
#2853=ORIENTED_EDGE('',*,*,#2277,.T.);
#2854=ORIENTED_EDGE('',*,*,#2096,.T.);
#2855=ORIENTED_EDGE('',*,*,#2268,.F.);
#2856=ORIENTED_EDGE('',*,*,#2128,.T.);
#2857=ORIENTED_EDGE('',*,*,#2278,.F.);
#2858=ORIENTED_EDGE('',*,*,#2101,.T.);
#2859=ORIENTED_EDGE('',*,*,#2279,.T.);
#2860=ORIENTED_EDGE('',*,*,#2123,.T.);
#2861=ORIENTED_EDGE('',*,*,#2280,.T.);
#2862=ORIENTED_EDGE('',*,*,#2098,.T.);
#2863=ORIENTED_EDGE('',*,*,#2280,.F.);
#2864=ORIENTED_EDGE('',*,*,#2122,.T.);
#2865=ORIENTED_EDGE('',*,*,#2269,.F.);
#2866=ORIENTED_EDGE('',*,*,#2100,.T.);
#2867=ORIENTED_EDGE('',*,*,#2270,.F.);
#2868=ORIENTED_EDGE('',*,*,#2124,.T.);
#2869=ORIENTED_EDGE('',*,*,#2279,.F.);
#2870=ORIENTED_EDGE('',*,*,#2281,.F.);
#2871=ORIENTED_EDGE('',*,*,#2282,.T.);
#2872=ORIENTED_EDGE('',*,*,#2283,.F.);
#2873=ORIENTED_EDGE('',*,*,#2155,.F.);
#2874=ORIENTED_EDGE('',*,*,#2156,.T.);
#2875=ORIENTED_EDGE('',*,*,#2283,.T.);
#2876=ORIENTED_EDGE('',*,*,#2284,.T.);
#2877=ORIENTED_EDGE('',*,*,#2285,.T.);
#2878=ORIENTED_EDGE('',*,*,#2281,.T.);
#2879=ORIENTED_EDGE('',*,*,#2154,.T.);
#2880=ORIENTED_EDGE('',*,*,#2286,.T.);
#2881=ORIENTED_EDGE('',*,*,#2287,.T.);
#2882=ORIENTED_EDGE('',*,*,#2070,.T.);
#2883=ORIENTED_EDGE('',*,*,#2288,.F.);
#2884=ORIENTED_EDGE('',*,*,#2090,.T.);
#2885=ORIENTED_EDGE('',*,*,#2289,.F.);
#2886=ORIENTED_EDGE('',*,*,#2072,.T.);
#2887=ORIENTED_EDGE('',*,*,#2290,.F.);
#2888=ORIENTED_EDGE('',*,*,#2092,.T.);
#2889=ORIENTED_EDGE('',*,*,#2291,.F.);
#2890=ORIENTED_EDGE('',*,*,#2071,.T.);
#2891=ORIENTED_EDGE('',*,*,#2289,.T.);
#2892=ORIENTED_EDGE('',*,*,#2093,.T.);
#2893=ORIENTED_EDGE('',*,*,#2290,.T.);
#2894=ORIENTED_EDGE('',*,*,#2292,.F.);
#2895=ORIENTED_EDGE('',*,*,#2293,.T.);
#2896=ORIENTED_EDGE('',*,*,#2294,.F.);
#2897=ORIENTED_EDGE('',*,*,#2247,.F.);
#2898=ORIENTED_EDGE('',*,*,#2295,.F.);
#2899=ORIENTED_EDGE('',*,*,#2249,.T.);
#2900=ORIENTED_EDGE('',*,*,#2296,.F.);
#2901=ORIENTED_EDGE('',*,*,#2297,.F.);
#2902=ORIENTED_EDGE('',*,*,#2296,.T.);
#2903=ORIENTED_EDGE('',*,*,#2248,.T.);
#2904=ORIENTED_EDGE('',*,*,#2294,.T.);
#2905=ORIENTED_EDGE('',*,*,#2298,.T.);
#2906=ORIENTED_EDGE('',*,*,#2295,.T.);
#2907=ORIENTED_EDGE('',*,*,#2299,.T.);
#2908=ORIENTED_EDGE('',*,*,#2300,.T.);
#2909=ORIENTED_EDGE('',*,*,#2250,.T.);
#2910=ORIENTED_EDGE('',*,*,#2301,.F.);
#2911=ORIENTED_EDGE('',*,*,#2302,.T.);
#2912=ORIENTED_EDGE('',*,*,#2303,.F.);
#2913=ORIENTED_EDGE('',*,*,#2231,.F.);
#2914=ORIENTED_EDGE('',*,*,#2304,.F.);
#2915=ORIENTED_EDGE('',*,*,#2233,.T.);
#2916=ORIENTED_EDGE('',*,*,#2305,.F.);
#2917=ORIENTED_EDGE('',*,*,#2306,.F.);
#2918=ORIENTED_EDGE('',*,*,#2305,.T.);
#2919=ORIENTED_EDGE('',*,*,#2232,.T.);
#2920=ORIENTED_EDGE('',*,*,#2303,.T.);
#2921=ORIENTED_EDGE('',*,*,#2307,.T.);
#2922=ORIENTED_EDGE('',*,*,#2304,.T.);
#2923=ORIENTED_EDGE('',*,*,#2308,.T.);
#2924=ORIENTED_EDGE('',*,*,#2309,.T.);
#2925=ORIENTED_EDGE('',*,*,#2234,.T.);
#2926=ORIENTED_EDGE('',*,*,#2310,.F.);
#2927=ORIENTED_EDGE('',*,*,#2311,.T.);
#2928=ORIENTED_EDGE('',*,*,#2312,.F.);
#2929=ORIENTED_EDGE('',*,*,#2215,.F.);
#2930=ORIENTED_EDGE('',*,*,#2313,.F.);
#2931=ORIENTED_EDGE('',*,*,#2217,.T.);
#2932=ORIENTED_EDGE('',*,*,#2314,.F.);
#2933=ORIENTED_EDGE('',*,*,#2315,.F.);
#2934=ORIENTED_EDGE('',*,*,#2314,.T.);
#2935=ORIENTED_EDGE('',*,*,#2216,.T.);
#2936=ORIENTED_EDGE('',*,*,#2312,.T.);
#2937=ORIENTED_EDGE('',*,*,#2316,.T.);
#2938=ORIENTED_EDGE('',*,*,#2313,.T.);
#2939=ORIENTED_EDGE('',*,*,#2317,.T.);
#2940=ORIENTED_EDGE('',*,*,#2318,.T.);
#2941=ORIENTED_EDGE('',*,*,#2218,.T.);
#2942=ORIENTED_EDGE('',*,*,#2319,.F.);
#2943=ORIENTED_EDGE('',*,*,#2320,.T.);
#2944=ORIENTED_EDGE('',*,*,#2321,.F.);
#2945=ORIENTED_EDGE('',*,*,#2199,.F.);
#2946=ORIENTED_EDGE('',*,*,#2322,.F.);
#2947=ORIENTED_EDGE('',*,*,#2201,.T.);
#2948=ORIENTED_EDGE('',*,*,#2323,.F.);
#2949=ORIENTED_EDGE('',*,*,#2324,.F.);
#2950=ORIENTED_EDGE('',*,*,#2323,.T.);
#2951=ORIENTED_EDGE('',*,*,#2200,.T.);
#2952=ORIENTED_EDGE('',*,*,#2321,.T.);
#2953=ORIENTED_EDGE('',*,*,#2325,.T.);
#2954=ORIENTED_EDGE('',*,*,#2322,.T.);
#2955=ORIENTED_EDGE('',*,*,#2326,.T.);
#2956=ORIENTED_EDGE('',*,*,#2327,.T.);
#2957=ORIENTED_EDGE('',*,*,#2202,.T.);
#2958=ORIENTED_EDGE('',*,*,#2328,.F.);
#2959=ORIENTED_EDGE('',*,*,#2329,.T.);
#2960=ORIENTED_EDGE('',*,*,#2330,.F.);
#2961=ORIENTED_EDGE('',*,*,#2183,.F.);
#2962=ORIENTED_EDGE('',*,*,#2331,.F.);
#2963=ORIENTED_EDGE('',*,*,#2185,.T.);
#2964=ORIENTED_EDGE('',*,*,#2332,.F.);
#2965=ORIENTED_EDGE('',*,*,#2333,.F.);
#2966=ORIENTED_EDGE('',*,*,#2332,.T.);
#2967=ORIENTED_EDGE('',*,*,#2184,.T.);
#2968=ORIENTED_EDGE('',*,*,#2330,.T.);
#2969=ORIENTED_EDGE('',*,*,#2334,.T.);
#2970=ORIENTED_EDGE('',*,*,#2331,.T.);
#2971=ORIENTED_EDGE('',*,*,#2335,.T.);
#2972=ORIENTED_EDGE('',*,*,#2336,.T.);
#2973=ORIENTED_EDGE('',*,*,#2186,.T.);
#2974=ORIENTED_EDGE('',*,*,#2337,.F.);
#2975=ORIENTED_EDGE('',*,*,#2338,.T.);
#2976=ORIENTED_EDGE('',*,*,#2339,.F.);
#2977=ORIENTED_EDGE('',*,*,#2167,.F.);
#2978=ORIENTED_EDGE('',*,*,#2340,.F.);
#2979=ORIENTED_EDGE('',*,*,#2169,.T.);
#2980=ORIENTED_EDGE('',*,*,#2341,.F.);
#2981=ORIENTED_EDGE('',*,*,#2342,.F.);
#2982=ORIENTED_EDGE('',*,*,#2341,.T.);
#2983=ORIENTED_EDGE('',*,*,#2168,.T.);
#2984=ORIENTED_EDGE('',*,*,#2339,.T.);
#2985=ORIENTED_EDGE('',*,*,#2343,.T.);
#2986=ORIENTED_EDGE('',*,*,#2340,.T.);
#2987=ORIENTED_EDGE('',*,*,#2344,.T.);
#2988=ORIENTED_EDGE('',*,*,#2345,.T.);
#2989=ORIENTED_EDGE('',*,*,#2170,.T.);
#2990=ORIENTED_EDGE('',*,*,#2345,.F.);
#2991=ORIENTED_EDGE('',*,*,#2346,.T.);
#2992=ORIENTED_EDGE('',*,*,#2347,.F.);
#2993=ORIENTED_EDGE('',*,*,#2171,.F.);
#2994=ORIENTED_EDGE('',*,*,#2262,.F.);
#2995=ORIENTED_EDGE('',*,*,#2173,.T.);
#2996=ORIENTED_EDGE('',*,*,#2348,.F.);
#2997=ORIENTED_EDGE('',*,*,#2349,.F.);
#2998=ORIENTED_EDGE('',*,*,#2348,.T.);
#2999=ORIENTED_EDGE('',*,*,#2172,.T.);
#3000=ORIENTED_EDGE('',*,*,#2347,.T.);
#3001=ORIENTED_EDGE('',*,*,#2350,.T.);
#3002=ORIENTED_EDGE('',*,*,#2106,.T.);
#3003=ORIENTED_EDGE('',*,*,#2272,.F.);
#3004=ORIENTED_EDGE('',*,*,#2114,.T.);
#3005=ORIENTED_EDGE('',*,*,#2351,.F.);
#3006=ORIENTED_EDGE('',*,*,#2108,.T.);
#3007=ORIENTED_EDGE('',*,*,#2352,.F.);
#3008=ORIENTED_EDGE('',*,*,#2116,.T.);
#3009=ORIENTED_EDGE('',*,*,#2271,.F.);
#3010=ORIENTED_EDGE('',*,*,#2107,.T.);
#3011=ORIENTED_EDGE('',*,*,#2351,.T.);
#3012=ORIENTED_EDGE('',*,*,#2117,.T.);
#3013=ORIENTED_EDGE('',*,*,#2352,.T.);
#3014=ORIENTED_EDGE('',*,*,#2336,.F.);
#3015=ORIENTED_EDGE('',*,*,#2353,.T.);
#3016=ORIENTED_EDGE('',*,*,#2354,.F.);
#3017=ORIENTED_EDGE('',*,*,#2187,.F.);
#3018=ORIENTED_EDGE('',*,*,#2355,.F.);
#3019=ORIENTED_EDGE('',*,*,#2189,.T.);
#3020=ORIENTED_EDGE('',*,*,#2356,.F.);
#3021=ORIENTED_EDGE('',*,*,#2357,.F.);
#3022=ORIENTED_EDGE('',*,*,#2356,.T.);
#3023=ORIENTED_EDGE('',*,*,#2188,.T.);
#3024=ORIENTED_EDGE('',*,*,#2354,.T.);
#3025=ORIENTED_EDGE('',*,*,#2358,.T.);
#3026=ORIENTED_EDGE('',*,*,#2355,.T.);
#3027=ORIENTED_EDGE('',*,*,#2359,.T.);
#3028=ORIENTED_EDGE('',*,*,#2360,.T.);
#3029=ORIENTED_EDGE('',*,*,#2190,.T.);
#3030=ORIENTED_EDGE('',*,*,#2327,.F.);
#3031=ORIENTED_EDGE('',*,*,#2361,.T.);
#3032=ORIENTED_EDGE('',*,*,#2362,.F.);
#3033=ORIENTED_EDGE('',*,*,#2203,.F.);
#3034=ORIENTED_EDGE('',*,*,#2363,.F.);
#3035=ORIENTED_EDGE('',*,*,#2205,.T.);
#3036=ORIENTED_EDGE('',*,*,#2364,.F.);
#3037=ORIENTED_EDGE('',*,*,#2365,.F.);
#3038=ORIENTED_EDGE('',*,*,#2364,.T.);
#3039=ORIENTED_EDGE('',*,*,#2204,.T.);
#3040=ORIENTED_EDGE('',*,*,#2362,.T.);
#3041=ORIENTED_EDGE('',*,*,#2366,.T.);
#3042=ORIENTED_EDGE('',*,*,#2363,.T.);
#3043=ORIENTED_EDGE('',*,*,#2367,.T.);
#3044=ORIENTED_EDGE('',*,*,#2368,.T.);
#3045=ORIENTED_EDGE('',*,*,#2206,.T.);
#3046=ORIENTED_EDGE('',*,*,#2318,.F.);
#3047=ORIENTED_EDGE('',*,*,#2369,.T.);
#3048=ORIENTED_EDGE('',*,*,#2370,.F.);
#3049=ORIENTED_EDGE('',*,*,#2219,.F.);
#3050=ORIENTED_EDGE('',*,*,#2371,.F.);
#3051=ORIENTED_EDGE('',*,*,#2221,.T.);
#3052=ORIENTED_EDGE('',*,*,#2372,.F.);
#3053=ORIENTED_EDGE('',*,*,#2373,.F.);
#3054=ORIENTED_EDGE('',*,*,#2372,.T.);
#3055=ORIENTED_EDGE('',*,*,#2220,.T.);
#3056=ORIENTED_EDGE('',*,*,#2370,.T.);
#3057=ORIENTED_EDGE('',*,*,#2374,.T.);
#3058=ORIENTED_EDGE('',*,*,#2371,.T.);
#3059=ORIENTED_EDGE('',*,*,#2375,.T.);
#3060=ORIENTED_EDGE('',*,*,#2376,.T.);
#3061=ORIENTED_EDGE('',*,*,#2222,.T.);
#3062=ORIENTED_EDGE('',*,*,#2309,.F.);
#3063=ORIENTED_EDGE('',*,*,#2377,.T.);
#3064=ORIENTED_EDGE('',*,*,#2378,.F.);
#3065=ORIENTED_EDGE('',*,*,#2235,.F.);
#3066=ORIENTED_EDGE('',*,*,#2379,.F.);
#3067=ORIENTED_EDGE('',*,*,#2237,.T.);
#3068=ORIENTED_EDGE('',*,*,#2380,.F.);
#3069=ORIENTED_EDGE('',*,*,#2381,.F.);
#3070=ORIENTED_EDGE('',*,*,#2380,.T.);
#3071=ORIENTED_EDGE('',*,*,#2236,.T.);
#3072=ORIENTED_EDGE('',*,*,#2378,.T.);
#3073=ORIENTED_EDGE('',*,*,#2382,.T.);
#3074=ORIENTED_EDGE('',*,*,#2379,.T.);
#3075=ORIENTED_EDGE('',*,*,#2383,.T.);
#3076=ORIENTED_EDGE('',*,*,#2384,.T.);
#3077=ORIENTED_EDGE('',*,*,#2238,.T.);
#3078=ORIENTED_EDGE('',*,*,#2300,.F.);
#3079=ORIENTED_EDGE('',*,*,#2385,.T.);
#3080=ORIENTED_EDGE('',*,*,#2386,.F.);
#3081=ORIENTED_EDGE('',*,*,#2251,.F.);
#3082=ORIENTED_EDGE('',*,*,#2387,.F.);
#3083=ORIENTED_EDGE('',*,*,#2253,.T.);
#3084=ORIENTED_EDGE('',*,*,#2388,.F.);
#3085=ORIENTED_EDGE('',*,*,#2389,.F.);
#3086=ORIENTED_EDGE('',*,*,#2388,.T.);
#3087=ORIENTED_EDGE('',*,*,#2252,.T.);
#3088=ORIENTED_EDGE('',*,*,#2386,.T.);
#3089=ORIENTED_EDGE('',*,*,#2390,.T.);
#3090=ORIENTED_EDGE('',*,*,#2387,.T.);
#3091=ORIENTED_EDGE('',*,*,#2391,.T.);
#3092=ORIENTED_EDGE('',*,*,#2392,.T.);
#3093=ORIENTED_EDGE('',*,*,#2254,.T.);
#3094=ORIENTED_EDGE('',*,*,#2066,.T.);
#3095=ORIENTED_EDGE('',*,*,#2393,.F.);
#3096=ORIENTED_EDGE('',*,*,#2074,.T.);
#3097=ORIENTED_EDGE('',*,*,#2394,.F.);
#3098=ORIENTED_EDGE('',*,*,#2068,.T.);
#3099=ORIENTED_EDGE('',*,*,#2395,.F.);
#3100=ORIENTED_EDGE('',*,*,#2076,.T.);
#3101=ORIENTED_EDGE('',*,*,#2396,.F.);
#3102=ORIENTED_EDGE('',*,*,#2067,.T.);
#3103=ORIENTED_EDGE('',*,*,#2394,.T.);
#3104=ORIENTED_EDGE('',*,*,#2077,.T.);
#3105=ORIENTED_EDGE('',*,*,#2395,.T.);
#3106=ORIENTED_EDGE('',*,*,#2397,.F.);
#3107=ORIENTED_EDGE('',*,*,#2398,.T.);
#3108=ORIENTED_EDGE('',*,*,#2399,.F.);
#3109=ORIENTED_EDGE('',*,*,#2143,.F.);
#3110=ORIENTED_EDGE('',*,*,#2400,.F.);
#3111=ORIENTED_EDGE('',*,*,#2145,.T.);
#3112=ORIENTED_EDGE('',*,*,#2401,.F.);
#3113=ORIENTED_EDGE('',*,*,#2402,.F.);
#3114=ORIENTED_EDGE('',*,*,#2401,.T.);
#3115=ORIENTED_EDGE('',*,*,#2144,.T.);
#3116=ORIENTED_EDGE('',*,*,#2399,.T.);
#3117=ORIENTED_EDGE('',*,*,#2403,.T.);
#3118=ORIENTED_EDGE('',*,*,#2400,.T.);
#3119=ORIENTED_EDGE('',*,*,#2404,.T.);
#3120=ORIENTED_EDGE('',*,*,#2405,.T.);
#3121=ORIENTED_EDGE('',*,*,#2146,.T.);
#3122=ORIENTED_EDGE('',*,*,#2406,.F.);
#3123=ORIENTED_EDGE('',*,*,#2407,.T.);
#3124=ORIENTED_EDGE('',*,*,#2408,.F.);
#3125=ORIENTED_EDGE('',*,*,#2151,.F.);
#3126=ORIENTED_EDGE('',*,*,#2286,.F.);
#3127=ORIENTED_EDGE('',*,*,#2153,.T.);
#3128=ORIENTED_EDGE('',*,*,#2409,.F.);
#3129=ORIENTED_EDGE('',*,*,#2410,.F.);
#3130=ORIENTED_EDGE('',*,*,#2409,.T.);
#3131=ORIENTED_EDGE('',*,*,#2152,.T.);
#3132=ORIENTED_EDGE('',*,*,#2408,.T.);
#3133=ORIENTED_EDGE('',*,*,#2411,.T.);
#3134=ORIENTED_EDGE('',*,*,#2412,.F.);
#3135=ORIENTED_EDGE('',*,*,#2413,.T.);
#3136=ORIENTED_EDGE('',*,*,#2414,.F.);
#3137=ORIENTED_EDGE('',*,*,#2259,.F.);
#3138=ORIENTED_EDGE('',*,*,#2415,.F.);
#3139=ORIENTED_EDGE('',*,*,#2261,.T.);
#3140=ORIENTED_EDGE('',*,*,#2416,.F.);
#3141=ORIENTED_EDGE('',*,*,#2417,.F.);
#3142=ORIENTED_EDGE('',*,*,#2416,.T.);
#3143=ORIENTED_EDGE('',*,*,#2260,.T.);
#3144=ORIENTED_EDGE('',*,*,#2414,.T.);
#3145=ORIENTED_EDGE('',*,*,#2418,.T.);
#3146=ORIENTED_EDGE('',*,*,#2142,.T.);
#3147=ORIENTED_EDGE('',*,*,#2415,.T.);
#3148=ORIENTED_EDGE('',*,*,#2419,.T.);
#3149=ORIENTED_EDGE('',*,*,#2397,.T.);
#3150=ORIENTED_EDGE('',*,*,#2042,.T.);
#3151=ORIENTED_EDGE('',*,*,#2048,.T.);
#3152=ORIENTED_EDGE('',*,*,#2135,.T.);
#3153=ORIENTED_EDGE('',*,*,#2089,.F.);
#3154=ORIENTED_EDGE('',*,*,#2137,.T.);
#3155=ORIENTED_EDGE('',*,*,#2063,.T.);
#3156=ORIENTED_EDGE('',*,*,#2073,.T.);
#3157=ORIENTED_EDGE('',*,*,#2291,.T.);
#3158=ORIENTED_EDGE('',*,*,#2091,.F.);
#3159=ORIENTED_EDGE('',*,*,#2288,.T.);
#3160=ORIENTED_EDGE('',*,*,#2139,.T.);
#3161=ORIENTED_EDGE('',*,*,#2085,.F.);
#3162=ORIENTED_EDGE('',*,*,#2141,.T.);
#3163=ORIENTED_EDGE('',*,*,#2055,.T.);
#3164=ORIENTED_EDGE('',*,*,#2069,.T.);
#3165=ORIENTED_EDGE('',*,*,#2396,.T.);
#3166=ORIENTED_EDGE('',*,*,#2075,.F.);
#3167=ORIENTED_EDGE('',*,*,#2393,.T.);
#3168=ORIENTED_EDGE('',*,*,#2061,.T.);
#3169=ORIENTED_EDGE('',*,*,#2420,.T.);
#3170=ORIENTED_EDGE('',*,*,#2079,.F.);
#3171=ORIENTED_EDGE('',*,*,#2421,.T.);
#3172=ORIENTED_EDGE('',*,*,#2422,.F.);
#3173=ORIENTED_EDGE('',*,*,#2423,.T.);
#3174=ORIENTED_EDGE('',*,*,#2424,.F.);
#3175=ORIENTED_EDGE('',*,*,#2243,.F.);
#3176=ORIENTED_EDGE('',*,*,#2425,.F.);
#3177=ORIENTED_EDGE('',*,*,#2245,.T.);
#3178=ORIENTED_EDGE('',*,*,#2426,.F.);
#3179=ORIENTED_EDGE('',*,*,#2427,.F.);
#3180=ORIENTED_EDGE('',*,*,#2426,.T.);
#3181=ORIENTED_EDGE('',*,*,#2244,.T.);
#3182=ORIENTED_EDGE('',*,*,#2424,.T.);
#3183=ORIENTED_EDGE('',*,*,#2428,.T.);
#3184=ORIENTED_EDGE('',*,*,#2292,.T.);
#3185=ORIENTED_EDGE('',*,*,#2246,.T.);
#3186=ORIENTED_EDGE('',*,*,#2425,.T.);
#3187=ORIENTED_EDGE('',*,*,#2429,.T.);
#3188=ORIENTED_EDGE('',*,*,#2430,.F.);
#3189=ORIENTED_EDGE('',*,*,#2431,.T.);
#3190=ORIENTED_EDGE('',*,*,#2432,.F.);
#3191=ORIENTED_EDGE('',*,*,#2227,.F.);
#3192=ORIENTED_EDGE('',*,*,#2433,.F.);
#3193=ORIENTED_EDGE('',*,*,#2229,.T.);
#3194=ORIENTED_EDGE('',*,*,#2434,.F.);
#3195=ORIENTED_EDGE('',*,*,#2435,.F.);
#3196=ORIENTED_EDGE('',*,*,#2434,.T.);
#3197=ORIENTED_EDGE('',*,*,#2228,.T.);
#3198=ORIENTED_EDGE('',*,*,#2432,.T.);
#3199=ORIENTED_EDGE('',*,*,#2436,.T.);
#3200=ORIENTED_EDGE('',*,*,#2301,.T.);
#3201=ORIENTED_EDGE('',*,*,#2230,.T.);
#3202=ORIENTED_EDGE('',*,*,#2433,.T.);
#3203=ORIENTED_EDGE('',*,*,#2437,.T.);
#3204=ORIENTED_EDGE('',*,*,#2438,.F.);
#3205=ORIENTED_EDGE('',*,*,#2439,.T.);
#3206=ORIENTED_EDGE('',*,*,#2440,.F.);
#3207=ORIENTED_EDGE('',*,*,#2211,.F.);
#3208=ORIENTED_EDGE('',*,*,#2441,.F.);
#3209=ORIENTED_EDGE('',*,*,#2213,.T.);
#3210=ORIENTED_EDGE('',*,*,#2442,.F.);
#3211=ORIENTED_EDGE('',*,*,#2443,.F.);
#3212=ORIENTED_EDGE('',*,*,#2442,.T.);
#3213=ORIENTED_EDGE('',*,*,#2212,.T.);
#3214=ORIENTED_EDGE('',*,*,#2440,.T.);
#3215=ORIENTED_EDGE('',*,*,#2444,.T.);
#3216=ORIENTED_EDGE('',*,*,#2310,.T.);
#3217=ORIENTED_EDGE('',*,*,#2214,.T.);
#3218=ORIENTED_EDGE('',*,*,#2441,.T.);
#3219=ORIENTED_EDGE('',*,*,#2445,.T.);
#3220=ORIENTED_EDGE('',*,*,#2446,.F.);
#3221=ORIENTED_EDGE('',*,*,#2447,.T.);
#3222=ORIENTED_EDGE('',*,*,#2448,.F.);
#3223=ORIENTED_EDGE('',*,*,#2195,.F.);
#3224=ORIENTED_EDGE('',*,*,#2449,.F.);
#3225=ORIENTED_EDGE('',*,*,#2197,.T.);
#3226=ORIENTED_EDGE('',*,*,#2450,.F.);
#3227=ORIENTED_EDGE('',*,*,#2451,.F.);
#3228=ORIENTED_EDGE('',*,*,#2450,.T.);
#3229=ORIENTED_EDGE('',*,*,#2196,.T.);
#3230=ORIENTED_EDGE('',*,*,#2448,.T.);
#3231=ORIENTED_EDGE('',*,*,#2452,.T.);
#3232=ORIENTED_EDGE('',*,*,#2319,.T.);
#3233=ORIENTED_EDGE('',*,*,#2198,.T.);
#3234=ORIENTED_EDGE('',*,*,#2449,.T.);
#3235=ORIENTED_EDGE('',*,*,#2453,.T.);
#3236=ORIENTED_EDGE('',*,*,#2454,.F.);
#3237=ORIENTED_EDGE('',*,*,#2455,.T.);
#3238=ORIENTED_EDGE('',*,*,#2456,.F.);
#3239=ORIENTED_EDGE('',*,*,#2179,.F.);
#3240=ORIENTED_EDGE('',*,*,#2457,.F.);
#3241=ORIENTED_EDGE('',*,*,#2181,.T.);
#3242=ORIENTED_EDGE('',*,*,#2458,.F.);
#3243=ORIENTED_EDGE('',*,*,#2459,.F.);
#3244=ORIENTED_EDGE('',*,*,#2458,.T.);
#3245=ORIENTED_EDGE('',*,*,#2180,.T.);
#3246=ORIENTED_EDGE('',*,*,#2456,.T.);
#3247=ORIENTED_EDGE('',*,*,#2460,.T.);
#3248=ORIENTED_EDGE('',*,*,#2328,.T.);
#3249=ORIENTED_EDGE('',*,*,#2182,.T.);
#3250=ORIENTED_EDGE('',*,*,#2457,.T.);
#3251=ORIENTED_EDGE('',*,*,#2461,.T.);
#3252=ORIENTED_EDGE('',*,*,#2462,.F.);
#3253=ORIENTED_EDGE('',*,*,#2463,.T.);
#3254=ORIENTED_EDGE('',*,*,#2464,.F.);
#3255=ORIENTED_EDGE('',*,*,#2163,.F.);
#3256=ORIENTED_EDGE('',*,*,#2465,.F.);
#3257=ORIENTED_EDGE('',*,*,#2165,.T.);
#3258=ORIENTED_EDGE('',*,*,#2466,.F.);
#3259=ORIENTED_EDGE('',*,*,#2467,.F.);
#3260=ORIENTED_EDGE('',*,*,#2466,.T.);
#3261=ORIENTED_EDGE('',*,*,#2164,.T.);
#3262=ORIENTED_EDGE('',*,*,#2464,.T.);
#3263=ORIENTED_EDGE('',*,*,#2468,.T.);
#3264=ORIENTED_EDGE('',*,*,#2337,.T.);
#3265=ORIENTED_EDGE('',*,*,#2166,.T.);
#3266=ORIENTED_EDGE('',*,*,#2465,.T.);
#3267=ORIENTED_EDGE('',*,*,#2469,.T.);
#3268=ORIENTED_EDGE('',*,*,#2470,.F.);
#3269=ORIENTED_EDGE('',*,*,#2161,.T.);
#3270=ORIENTED_EDGE('',*,*,#2471,.F.);
#3271=ORIENTED_EDGE('',*,*,#2472,.F.);
#3272=ORIENTED_EDGE('',*,*,#2471,.T.);
#3273=ORIENTED_EDGE('',*,*,#2160,.T.);
#3274=ORIENTED_EDGE('',*,*,#2473,.T.);
#3275=ORIENTED_EDGE('',*,*,#2474,.T.);
#3276=ORIENTED_EDGE('',*,*,#2462,.T.);
#3277=ORIENTED_EDGE('',*,*,#2162,.T.);
#3278=ORIENTED_EDGE('',*,*,#2470,.T.);
#3279=ORIENTED_EDGE('',*,*,#2475,.T.);
#3280=ORIENTED_EDGE('',*,*,#2102,.T.);
#3281=ORIENTED_EDGE('',*,*,#2274,.F.);
#3282=ORIENTED_EDGE('',*,*,#2120,.T.);
#3283=ORIENTED_EDGE('',*,*,#2476,.F.);
#3284=ORIENTED_EDGE('',*,*,#2104,.T.);
#3285=ORIENTED_EDGE('',*,*,#2477,.F.);
#3286=ORIENTED_EDGE('',*,*,#2118,.T.);
#3287=ORIENTED_EDGE('',*,*,#2273,.F.);
#3288=ORIENTED_EDGE('',*,*,#2103,.T.);
#3289=ORIENTED_EDGE('',*,*,#2476,.T.);
#3290=ORIENTED_EDGE('',*,*,#2119,.T.);
#3291=ORIENTED_EDGE('',*,*,#2477,.T.);
#3292=ORIENTED_EDGE('',*,*,#2264,.F.);
#3293=ORIENTED_EDGE('',*,*,#2478,.T.);
#3294=ORIENTED_EDGE('',*,*,#2479,.F.);
#3295=ORIENTED_EDGE('',*,*,#2175,.F.);
#3296=ORIENTED_EDGE('',*,*,#2480,.F.);
#3297=ORIENTED_EDGE('',*,*,#2177,.T.);
#3298=ORIENTED_EDGE('',*,*,#2481,.F.);
#3299=ORIENTED_EDGE('',*,*,#2482,.F.);
#3300=ORIENTED_EDGE('',*,*,#2481,.T.);
#3301=ORIENTED_EDGE('',*,*,#2176,.T.);
#3302=ORIENTED_EDGE('',*,*,#2479,.T.);
#3303=ORIENTED_EDGE('',*,*,#2483,.T.);
#3304=ORIENTED_EDGE('',*,*,#2454,.T.);
#3305=ORIENTED_EDGE('',*,*,#2178,.T.);
#3306=ORIENTED_EDGE('',*,*,#2480,.T.);
#3307=ORIENTED_EDGE('',*,*,#2484,.T.);
#3308=ORIENTED_EDGE('',*,*,#2360,.F.);
#3309=ORIENTED_EDGE('',*,*,#2485,.T.);
#3310=ORIENTED_EDGE('',*,*,#2486,.F.);
#3311=ORIENTED_EDGE('',*,*,#2191,.F.);
#3312=ORIENTED_EDGE('',*,*,#2487,.F.);
#3313=ORIENTED_EDGE('',*,*,#2193,.T.);
#3314=ORIENTED_EDGE('',*,*,#2488,.F.);
#3315=ORIENTED_EDGE('',*,*,#2489,.F.);
#3316=ORIENTED_EDGE('',*,*,#2488,.T.);
#3317=ORIENTED_EDGE('',*,*,#2192,.T.);
#3318=ORIENTED_EDGE('',*,*,#2486,.T.);
#3319=ORIENTED_EDGE('',*,*,#2490,.T.);
#3320=ORIENTED_EDGE('',*,*,#2446,.T.);
#3321=ORIENTED_EDGE('',*,*,#2194,.T.);
#3322=ORIENTED_EDGE('',*,*,#2487,.T.);
#3323=ORIENTED_EDGE('',*,*,#2491,.T.);
#3324=ORIENTED_EDGE('',*,*,#2368,.F.);
#3325=ORIENTED_EDGE('',*,*,#2492,.T.);
#3326=ORIENTED_EDGE('',*,*,#2493,.F.);
#3327=ORIENTED_EDGE('',*,*,#2207,.F.);
#3328=ORIENTED_EDGE('',*,*,#2494,.F.);
#3329=ORIENTED_EDGE('',*,*,#2209,.T.);
#3330=ORIENTED_EDGE('',*,*,#2495,.F.);
#3331=ORIENTED_EDGE('',*,*,#2496,.F.);
#3332=ORIENTED_EDGE('',*,*,#2495,.T.);
#3333=ORIENTED_EDGE('',*,*,#2208,.T.);
#3334=ORIENTED_EDGE('',*,*,#2493,.T.);
#3335=ORIENTED_EDGE('',*,*,#2497,.T.);
#3336=ORIENTED_EDGE('',*,*,#2438,.T.);
#3337=ORIENTED_EDGE('',*,*,#2210,.T.);
#3338=ORIENTED_EDGE('',*,*,#2494,.T.);
#3339=ORIENTED_EDGE('',*,*,#2498,.T.);
#3340=ORIENTED_EDGE('',*,*,#2376,.F.);
#3341=ORIENTED_EDGE('',*,*,#2499,.T.);
#3342=ORIENTED_EDGE('',*,*,#2500,.F.);
#3343=ORIENTED_EDGE('',*,*,#2223,.F.);
#3344=ORIENTED_EDGE('',*,*,#2501,.F.);
#3345=ORIENTED_EDGE('',*,*,#2225,.T.);
#3346=ORIENTED_EDGE('',*,*,#2502,.F.);
#3347=ORIENTED_EDGE('',*,*,#2503,.F.);
#3348=ORIENTED_EDGE('',*,*,#2502,.T.);
#3349=ORIENTED_EDGE('',*,*,#2224,.T.);
#3350=ORIENTED_EDGE('',*,*,#2500,.T.);
#3351=ORIENTED_EDGE('',*,*,#2504,.T.);
#3352=ORIENTED_EDGE('',*,*,#2430,.T.);
#3353=ORIENTED_EDGE('',*,*,#2226,.T.);
#3354=ORIENTED_EDGE('',*,*,#2501,.T.);
#3355=ORIENTED_EDGE('',*,*,#2505,.T.);
#3356=ORIENTED_EDGE('',*,*,#2384,.F.);
#3357=ORIENTED_EDGE('',*,*,#2506,.T.);
#3358=ORIENTED_EDGE('',*,*,#2507,.F.);
#3359=ORIENTED_EDGE('',*,*,#2239,.F.);
#3360=ORIENTED_EDGE('',*,*,#2508,.F.);
#3361=ORIENTED_EDGE('',*,*,#2241,.T.);
#3362=ORIENTED_EDGE('',*,*,#2509,.F.);
#3363=ORIENTED_EDGE('',*,*,#2510,.F.);
#3364=ORIENTED_EDGE('',*,*,#2509,.T.);
#3365=ORIENTED_EDGE('',*,*,#2240,.T.);
#3366=ORIENTED_EDGE('',*,*,#2507,.T.);
#3367=ORIENTED_EDGE('',*,*,#2511,.T.);
#3368=ORIENTED_EDGE('',*,*,#2422,.T.);
#3369=ORIENTED_EDGE('',*,*,#2242,.T.);
#3370=ORIENTED_EDGE('',*,*,#2508,.T.);
#3371=ORIENTED_EDGE('',*,*,#2512,.T.);
#3372=ORIENTED_EDGE('',*,*,#2392,.F.);
#3373=ORIENTED_EDGE('',*,*,#2513,.T.);
#3374=ORIENTED_EDGE('',*,*,#2514,.F.);
#3375=ORIENTED_EDGE('',*,*,#2255,.F.);
#3376=ORIENTED_EDGE('',*,*,#2515,.F.);
#3377=ORIENTED_EDGE('',*,*,#2257,.T.);
#3378=ORIENTED_EDGE('',*,*,#2516,.F.);
#3379=ORIENTED_EDGE('',*,*,#2517,.F.);
#3380=ORIENTED_EDGE('',*,*,#2516,.T.);
#3381=ORIENTED_EDGE('',*,*,#2256,.T.);
#3382=ORIENTED_EDGE('',*,*,#2514,.T.);
#3383=ORIENTED_EDGE('',*,*,#2518,.T.);
#3384=ORIENTED_EDGE('',*,*,#2412,.T.);
#3385=ORIENTED_EDGE('',*,*,#2258,.T.);
#3386=ORIENTED_EDGE('',*,*,#2515,.T.);
#3387=ORIENTED_EDGE('',*,*,#2519,.T.);
#3388=ORIENTED_EDGE('',*,*,#2058,.T.);
#3389=ORIENTED_EDGE('',*,*,#2421,.F.);
#3390=ORIENTED_EDGE('',*,*,#2078,.T.);
#3391=ORIENTED_EDGE('',*,*,#2520,.F.);
#3392=ORIENTED_EDGE('',*,*,#2060,.T.);
#3393=ORIENTED_EDGE('',*,*,#2521,.F.);
#3394=ORIENTED_EDGE('',*,*,#2080,.T.);
#3395=ORIENTED_EDGE('',*,*,#2420,.F.);
#3396=ORIENTED_EDGE('',*,*,#2059,.T.);
#3397=ORIENTED_EDGE('',*,*,#2520,.T.);
#3398=ORIENTED_EDGE('',*,*,#2081,.T.);
#3399=ORIENTED_EDGE('',*,*,#2521,.T.);
#3400=ORIENTED_EDGE('',*,*,#2405,.F.);
#3401=ORIENTED_EDGE('',*,*,#2522,.T.);
#3402=ORIENTED_EDGE('',*,*,#2523,.F.);
#3403=ORIENTED_EDGE('',*,*,#2147,.F.);
#3404=ORIENTED_EDGE('',*,*,#2524,.F.);
#3405=ORIENTED_EDGE('',*,*,#2149,.T.);
#3406=ORIENTED_EDGE('',*,*,#2525,.F.);
#3407=ORIENTED_EDGE('',*,*,#2526,.F.);
#3408=ORIENTED_EDGE('',*,*,#2525,.T.);
#3409=ORIENTED_EDGE('',*,*,#2148,.T.);
#3410=ORIENTED_EDGE('',*,*,#2523,.T.);
#3411=ORIENTED_EDGE('',*,*,#2527,.T.);
#3412=ORIENTED_EDGE('',*,*,#2406,.T.);
#3413=ORIENTED_EDGE('',*,*,#2150,.T.);
#3414=ORIENTED_EDGE('',*,*,#2524,.T.);
#3415=ORIENTED_EDGE('',*,*,#2528,.T.);
#3416=ORIENTED_EDGE('',*,*,#2529,.F.);
#3417=ORIENTED_EDGE('',*,*,#2530,.T.);
#3418=ORIENTED_EDGE('',*,*,#2473,.F.);
#3419=ORIENTED_EDGE('',*,*,#2159,.F.);
#3420=ORIENTED_EDGE('',*,*,#2531,.F.);
#3421=ORIENTED_EDGE('',*,*,#2157,.T.);
#3422=ORIENTED_EDGE('',*,*,#2285,.F.);
#3423=ORIENTED_EDGE('',*,*,#2532,.F.);
#3424=ORIENTED_EDGE('',*,*,#2419,.F.);
#3425=ORIENTED_EDGE('',*,*,#2417,.T.);
#3426=ORIENTED_EDGE('',*,*,#2418,.F.);
#3427=ORIENTED_EDGE('',*,*,#2413,.F.);
#3428=ORIENTED_EDGE('',*,*,#2519,.F.);
#3429=ORIENTED_EDGE('',*,*,#2517,.T.);
#3430=ORIENTED_EDGE('',*,*,#2518,.F.);
#3431=ORIENTED_EDGE('',*,*,#2513,.F.);
#3432=ORIENTED_EDGE('',*,*,#2391,.F.);
#3433=ORIENTED_EDGE('',*,*,#2389,.T.);
#3434=ORIENTED_EDGE('',*,*,#2390,.F.);
#3435=ORIENTED_EDGE('',*,*,#2385,.F.);
#3436=ORIENTED_EDGE('',*,*,#2299,.F.);
#3437=ORIENTED_EDGE('',*,*,#2297,.T.);
#3438=ORIENTED_EDGE('',*,*,#2298,.F.);
#3439=ORIENTED_EDGE('',*,*,#2293,.F.);
#3440=ORIENTED_EDGE('',*,*,#2429,.F.);
#3441=ORIENTED_EDGE('',*,*,#2427,.T.);
#3442=ORIENTED_EDGE('',*,*,#2428,.F.);
#3443=ORIENTED_EDGE('',*,*,#2423,.F.);
#3444=ORIENTED_EDGE('',*,*,#2512,.F.);
#3445=ORIENTED_EDGE('',*,*,#2510,.T.);
#3446=ORIENTED_EDGE('',*,*,#2511,.F.);
#3447=ORIENTED_EDGE('',*,*,#2506,.F.);
#3448=ORIENTED_EDGE('',*,*,#2383,.F.);
#3449=ORIENTED_EDGE('',*,*,#2381,.T.);
#3450=ORIENTED_EDGE('',*,*,#2382,.F.);
#3451=ORIENTED_EDGE('',*,*,#2377,.F.);
#3452=ORIENTED_EDGE('',*,*,#2308,.F.);
#3453=ORIENTED_EDGE('',*,*,#2306,.T.);
#3454=ORIENTED_EDGE('',*,*,#2307,.F.);
#3455=ORIENTED_EDGE('',*,*,#2302,.F.);
#3456=ORIENTED_EDGE('',*,*,#2437,.F.);
#3457=ORIENTED_EDGE('',*,*,#2435,.T.);
#3458=ORIENTED_EDGE('',*,*,#2436,.F.);
#3459=ORIENTED_EDGE('',*,*,#2431,.F.);
#3460=ORIENTED_EDGE('',*,*,#2505,.F.);
#3461=ORIENTED_EDGE('',*,*,#2503,.T.);
#3462=ORIENTED_EDGE('',*,*,#2504,.F.);
#3463=ORIENTED_EDGE('',*,*,#2499,.F.);
#3464=ORIENTED_EDGE('',*,*,#2375,.F.);
#3465=ORIENTED_EDGE('',*,*,#2373,.T.);
#3466=ORIENTED_EDGE('',*,*,#2374,.F.);
#3467=ORIENTED_EDGE('',*,*,#2369,.F.);
#3468=ORIENTED_EDGE('',*,*,#2317,.F.);
#3469=ORIENTED_EDGE('',*,*,#2315,.T.);
#3470=ORIENTED_EDGE('',*,*,#2316,.F.);
#3471=ORIENTED_EDGE('',*,*,#2311,.F.);
#3472=ORIENTED_EDGE('',*,*,#2445,.F.);
#3473=ORIENTED_EDGE('',*,*,#2443,.T.);
#3474=ORIENTED_EDGE('',*,*,#2444,.F.);
#3475=ORIENTED_EDGE('',*,*,#2439,.F.);
#3476=ORIENTED_EDGE('',*,*,#2498,.F.);
#3477=ORIENTED_EDGE('',*,*,#2496,.T.);
#3478=ORIENTED_EDGE('',*,*,#2497,.F.);
#3479=ORIENTED_EDGE('',*,*,#2492,.F.);
#3480=ORIENTED_EDGE('',*,*,#2367,.F.);
#3481=ORIENTED_EDGE('',*,*,#2365,.T.);
#3482=ORIENTED_EDGE('',*,*,#2366,.F.);
#3483=ORIENTED_EDGE('',*,*,#2361,.F.);
#3484=ORIENTED_EDGE('',*,*,#2326,.F.);
#3485=ORIENTED_EDGE('',*,*,#2324,.T.);
#3486=ORIENTED_EDGE('',*,*,#2325,.F.);
#3487=ORIENTED_EDGE('',*,*,#2320,.F.);
#3488=ORIENTED_EDGE('',*,*,#2453,.F.);
#3489=ORIENTED_EDGE('',*,*,#2451,.T.);
#3490=ORIENTED_EDGE('',*,*,#2452,.F.);
#3491=ORIENTED_EDGE('',*,*,#2447,.F.);
#3492=ORIENTED_EDGE('',*,*,#2491,.F.);
#3493=ORIENTED_EDGE('',*,*,#2489,.T.);
#3494=ORIENTED_EDGE('',*,*,#2490,.F.);
#3495=ORIENTED_EDGE('',*,*,#2485,.F.);
#3496=ORIENTED_EDGE('',*,*,#2359,.F.);
#3497=ORIENTED_EDGE('',*,*,#2357,.T.);
#3498=ORIENTED_EDGE('',*,*,#2358,.F.);
#3499=ORIENTED_EDGE('',*,*,#2353,.F.);
#3500=ORIENTED_EDGE('',*,*,#2335,.F.);
#3501=ORIENTED_EDGE('',*,*,#2333,.T.);
#3502=ORIENTED_EDGE('',*,*,#2334,.F.);
#3503=ORIENTED_EDGE('',*,*,#2329,.F.);
#3504=ORIENTED_EDGE('',*,*,#2461,.F.);
#3505=ORIENTED_EDGE('',*,*,#2459,.T.);
#3506=ORIENTED_EDGE('',*,*,#2460,.F.);
#3507=ORIENTED_EDGE('',*,*,#2455,.F.);
#3508=ORIENTED_EDGE('',*,*,#2484,.F.);
#3509=ORIENTED_EDGE('',*,*,#2482,.T.);
#3510=ORIENTED_EDGE('',*,*,#2483,.F.);
#3511=ORIENTED_EDGE('',*,*,#2478,.F.);
#3512=ORIENTED_EDGE('',*,*,#2263,.F.);
#3513=ORIENTED_EDGE('',*,*,#2349,.T.);
#3514=ORIENTED_EDGE('',*,*,#2350,.F.);
#3515=ORIENTED_EDGE('',*,*,#2346,.F.);
#3516=ORIENTED_EDGE('',*,*,#2344,.F.);
#3517=ORIENTED_EDGE('',*,*,#2342,.T.);
#3518=ORIENTED_EDGE('',*,*,#2343,.F.);
#3519=ORIENTED_EDGE('',*,*,#2338,.F.);
#3520=ORIENTED_EDGE('',*,*,#2469,.F.);
#3521=ORIENTED_EDGE('',*,*,#2467,.T.);
#3522=ORIENTED_EDGE('',*,*,#2468,.F.);
#3523=ORIENTED_EDGE('',*,*,#2463,.F.);
#3524=ORIENTED_EDGE('',*,*,#2475,.F.);
#3525=ORIENTED_EDGE('',*,*,#2472,.T.);
#3526=ORIENTED_EDGE('',*,*,#2474,.F.);
#3527=ORIENTED_EDGE('',*,*,#2530,.F.);
#3528=ORIENTED_EDGE('',*,*,#2533,.F.);
#3529=ORIENTED_EDGE('',*,*,#2532,.T.);
#3530=ORIENTED_EDGE('',*,*,#2284,.F.);
#3531=ORIENTED_EDGE('',*,*,#2282,.F.);
#3532=ORIENTED_EDGE('',*,*,#2287,.F.);
#3533=ORIENTED_EDGE('',*,*,#2410,.T.);
#3534=ORIENTED_EDGE('',*,*,#2411,.F.);
#3535=ORIENTED_EDGE('',*,*,#2407,.F.);
#3536=ORIENTED_EDGE('',*,*,#2528,.F.);
#3537=ORIENTED_EDGE('',*,*,#2526,.T.);
#3538=ORIENTED_EDGE('',*,*,#2527,.F.);
#3539=ORIENTED_EDGE('',*,*,#2522,.F.);
#3540=ORIENTED_EDGE('',*,*,#2404,.F.);
#3541=ORIENTED_EDGE('',*,*,#2402,.T.);
#3542=ORIENTED_EDGE('',*,*,#2403,.F.);
#3543=ORIENTED_EDGE('',*,*,#2398,.F.);
#3544=ORIENTED_EDGE('',*,*,#2533,.T.);
#3545=ORIENTED_EDGE('',*,*,#2529,.T.);
#3546=ORIENTED_EDGE('',*,*,#2158,.T.);
#3547=ORIENTED_EDGE('',*,*,#2531,.T.);
#3548=ORIENTED_EDGE('',*,*,#2044,.T.);
#3549=ORIENTED_EDGE('',*,*,#2047,.T.);
#3550=ORIENTED_EDGE('',*,*,#2050,.T.);
#3551=ORIENTED_EDGE('',*,*,#2053,.T.);
#3552=ORIENTED_EDGE('',*,*,#2534,.F.);
#3553=ORIENTED_EDGE('',*,*,#2535,.T.);
#3554=ORIENTED_EDGE('',*,*,#2536,.F.);
#3555=ORIENTED_EDGE('',*,*,#2535,.F.);
#3556=ORIENTED_EDGE('',*,*,#2537,.T.);
#3557=ORIENTED_EDGE('',*,*,#2538,.T.);
#3558=ORIENTED_EDGE('',*,*,#2539,.T.);
#3559=ORIENTED_EDGE('',*,*,#2538,.F.);
#3560=ORIENTED_EDGE('',*,*,#2539,.F.);
#3561=ORIENTED_EDGE('',*,*,#2540,.T.);
#3562=ORIENTED_EDGE('',*,*,#2541,.T.);
#3563=ORIENTED_EDGE('',*,*,#2542,.T.);
#3564=ORIENTED_EDGE('',*,*,#2543,.T.);
#3565=ORIENTED_EDGE('',*,*,#2544,.T.);
#3566=ORIENTED_EDGE('',*,*,#2545,.T.);
#3567=ORIENTED_EDGE('',*,*,#2546,.F.);
#3568=ORIENTED_EDGE('',*,*,#2547,.T.);
#3569=ORIENTED_EDGE('',*,*,#2537,.F.);
#3570=ORIENTED_EDGE('',*,*,#2547,.F.);
#3571=ORIENTED_EDGE('',*,*,#2548,.F.);
#3572=ORIENTED_EDGE('',*,*,#2549,.F.);
#3573=ORIENTED_EDGE('',*,*,#2550,.T.);
#3574=ORIENTED_EDGE('',*,*,#2550,.F.);
#3575=ORIENTED_EDGE('',*,*,#2551,.F.);
#3576=ORIENTED_EDGE('',*,*,#2552,.T.);
#3577=ORIENTED_EDGE('',*,*,#2552,.F.);
#3578=ORIENTED_EDGE('',*,*,#2553,.F.);
#3579=ORIENTED_EDGE('',*,*,#2554,.T.);
#3580=ORIENTED_EDGE('',*,*,#2554,.F.);
#3581=ORIENTED_EDGE('',*,*,#2555,.F.);
#3582=ORIENTED_EDGE('',*,*,#2556,.T.);
#3583=ORIENTED_EDGE('',*,*,#2556,.F.);
#3584=ORIENTED_EDGE('',*,*,#2557,.F.);
#3585=ORIENTED_EDGE('',*,*,#2558,.T.);
#3586=ORIENTED_EDGE('',*,*,#2558,.F.);
#3587=ORIENTED_EDGE('',*,*,#2559,.F.);
#3588=ORIENTED_EDGE('',*,*,#2548,.T.);
#3589=ORIENTED_EDGE('',*,*,#2540,.F.);
#3590=ORIENTED_EDGE('',*,*,#2560,.T.);
#3591=ORIENTED_EDGE('',*,*,#2549,.T.);
#3592=ORIENTED_EDGE('',*,*,#2561,.F.);
#3593=ORIENTED_EDGE('',*,*,#2545,.F.);
#3594=ORIENTED_EDGE('',*,*,#2562,.T.);
#3595=ORIENTED_EDGE('',*,*,#2551,.T.);
#3596=ORIENTED_EDGE('',*,*,#2560,.F.);
#3597=ORIENTED_EDGE('',*,*,#2544,.F.);
#3598=ORIENTED_EDGE('',*,*,#2563,.T.);
#3599=ORIENTED_EDGE('',*,*,#2553,.T.);
#3600=ORIENTED_EDGE('',*,*,#2562,.F.);
#3601=ORIENTED_EDGE('',*,*,#2543,.F.);
#3602=ORIENTED_EDGE('',*,*,#2564,.T.);
#3603=ORIENTED_EDGE('',*,*,#2555,.T.);
#3604=ORIENTED_EDGE('',*,*,#2563,.F.);
#3605=ORIENTED_EDGE('',*,*,#2542,.F.);
#3606=ORIENTED_EDGE('',*,*,#2565,.T.);
#3607=ORIENTED_EDGE('',*,*,#2557,.T.);
#3608=ORIENTED_EDGE('',*,*,#2564,.F.);
#3609=ORIENTED_EDGE('',*,*,#2541,.F.);
#3610=ORIENTED_EDGE('',*,*,#2561,.T.);
#3611=ORIENTED_EDGE('',*,*,#2559,.T.);
#3612=ORIENTED_EDGE('',*,*,#2565,.F.);
#3613=ORIENTED_EDGE('',*,*,#2534,.T.);
#3614=ORIENTED_EDGE('',*,*,#2566,.T.);
#3615=ORIENTED_EDGE('',*,*,#2567,.T.);
#3616=ORIENTED_EDGE('',*,*,#2566,.F.);
#3617=ORIENTED_EDGE('',*,*,#2536,.T.);
#3618=ORIENTED_EDGE('',*,*,#2546,.T.);
#3619=ORIENTED_EDGE('',*,*,#2567,.F.);
#3620=CYLINDRICAL_SURFACE('',#3848,2.25);
#3621=CYLINDRICAL_SURFACE('',#3851,2.25);
#3622=CYLINDRICAL_SURFACE('',#3854,2.25);
#3623=CYLINDRICAL_SURFACE('',#3857,2.25);
#3624=CYLINDRICAL_SURFACE('',#4041,3.49999999999998);
#3625=CYLINDRICAL_SURFACE('',#4055,1.954);
#3626=ADVANCED_FACE('',(#248),#3620,.F.);
#3627=ADVANCED_FACE('',(#249),#3621,.F.);
#3628=ADVANCED_FACE('',(#250),#3622,.F.);
#3629=ADVANCED_FACE('',(#251),#3623,.F.);
#3630=ADVANCED_FACE('',(#252),#61,.F.);
#3631=ADVANCED_FACE('',(#253),#62,.F.);
#3632=ADVANCED_FACE('',(#254),#63,.F.);
#3633=ADVANCED_FACE('',(#255),#64,.F.);
#3634=ADVANCED_FACE('',(#256),#65,.F.);
#3635=ADVANCED_FACE('',(#257),#66,.F.);
#3636=ADVANCED_FACE('',(#258),#67,.F.);
#3637=ADVANCED_FACE('',(#259),#68,.F.);
#3638=ADVANCED_FACE('',(#260),#69,.F.);
#3639=ADVANCED_FACE('',(#261),#70,.F.);
#3640=ADVANCED_FACE('',(#262),#71,.F.);
#3641=ADVANCED_FACE('',(#263),#72,.F.);
#3642=ADVANCED_FACE('',(#264),#73,.F.);
#3643=ADVANCED_FACE('',(#265),#74,.F.);
#3644=ADVANCED_FACE('',(#266),#75,.F.);
#3645=ADVANCED_FACE('',(#267),#76,.F.);
#3646=ADVANCED_FACE('',(#268),#77,.F.);
#3647=ADVANCED_FACE('',(#269),#78,.F.);
#3648=ADVANCED_FACE('',(#270),#79,.F.);
#3649=ADVANCED_FACE('',(#271),#80,.F.);
#3650=ADVANCED_FACE('',(#272),#81,.T.);
#3651=ADVANCED_FACE('',(#273),#82,.T.);
#3652=ADVANCED_FACE('',(#274),#83,.T.);
#3653=ADVANCED_FACE('',(#275),#84,.T.);
#3654=ADVANCED_FACE('',(#276),#85,.T.);
#3655=ADVANCED_FACE('',(#277),#86,.T.);
#3656=ADVANCED_FACE('',(#278),#87,.T.);
#3657=ADVANCED_FACE('',(#279,#41,#42,#43,#44,#45,#46,#47),#88,.T.);
#3658=ADVANCED_FACE('',(#280),#89,.T.);
#3659=ADVANCED_FACE('',(#281),#90,.T.);
#3660=ADVANCED_FACE('',(#282),#91,.T.);
#3661=ADVANCED_FACE('',(#283),#92,.T.);
#3662=ADVANCED_FACE('',(#284),#93,.T.);
#3663=ADVANCED_FACE('',(#285),#94,.T.);
#3664=ADVANCED_FACE('',(#286),#95,.T.);
#3665=ADVANCED_FACE('',(#287),#96,.T.);
#3666=ADVANCED_FACE('',(#288),#97,.T.);
#3667=ADVANCED_FACE('',(#289),#98,.T.);
#3668=ADVANCED_FACE('',(#290),#99,.T.);
#3669=ADVANCED_FACE('',(#291),#100,.T.);
#3670=ADVANCED_FACE('',(#292),#101,.T.);
#3671=ADVANCED_FACE('',(#293),#102,.T.);
#3672=ADVANCED_FACE('',(#294),#103,.T.);
#3673=ADVANCED_FACE('',(#295),#104,.T.);
#3674=ADVANCED_FACE('',(#296),#105,.T.);
#3675=ADVANCED_FACE('',(#297),#106,.T.);
#3676=ADVANCED_FACE('',(#298),#107,.T.);
#3677=ADVANCED_FACE('',(#299),#108,.T.);
#3678=ADVANCED_FACE('',(#300),#109,.T.);
#3679=ADVANCED_FACE('',(#301),#110,.T.);
#3680=ADVANCED_FACE('',(#302),#111,.T.);
#3681=ADVANCED_FACE('',(#303),#112,.T.);
#3682=ADVANCED_FACE('',(#304),#113,.T.);
#3683=ADVANCED_FACE('',(#305),#114,.T.);
#3684=ADVANCED_FACE('',(#306),#115,.T.);
#3685=ADVANCED_FACE('',(#307),#116,.T.);
#3686=ADVANCED_FACE('',(#308),#117,.T.);
#3687=ADVANCED_FACE('',(#309),#118,.T.);
#3688=ADVANCED_FACE('',(#310),#119,.T.);
#3689=ADVANCED_FACE('',(#311),#120,.T.);
#3690=ADVANCED_FACE('',(#312),#121,.T.);
#3691=ADVANCED_FACE('',(#313),#122,.T.);
#3692=ADVANCED_FACE('',(#314),#123,.T.);
#3693=ADVANCED_FACE('',(#315),#124,.T.);
#3694=ADVANCED_FACE('',(#316),#125,.T.);
#3695=ADVANCED_FACE('',(#317),#126,.T.);
#3696=ADVANCED_FACE('',(#318),#127,.T.);
#3697=ADVANCED_FACE('',(#319),#128,.T.);
#3698=ADVANCED_FACE('',(#320),#129,.T.);
#3699=ADVANCED_FACE('',(#321),#130,.T.);
#3700=ADVANCED_FACE('',(#322),#131,.T.);
#3701=ADVANCED_FACE('',(#323),#132,.T.);
#3702=ADVANCED_FACE('',(#324),#133,.T.);
#3703=ADVANCED_FACE('',(#325),#134,.T.);
#3704=ADVANCED_FACE('',(#326),#135,.T.);
#3705=ADVANCED_FACE('',(#327),#136,.T.);
#3706=ADVANCED_FACE('',(#328),#137,.T.);
#3707=ADVANCED_FACE('',(#329),#138,.T.);
#3708=ADVANCED_FACE('',(#330),#139,.T.);
#3709=ADVANCED_FACE('',(#331),#140,.T.);
#3710=ADVANCED_FACE('',(#332),#141,.T.);
#3711=ADVANCED_FACE('',(#333),#142,.T.);
#3712=ADVANCED_FACE('',(#334),#143,.T.);
#3713=ADVANCED_FACE('',(#335),#144,.T.);
#3714=ADVANCED_FACE('',(#336),#145,.T.);
#3715=ADVANCED_FACE('',(#337),#146,.T.);
#3716=ADVANCED_FACE('',(#338),#147,.T.);
#3717=ADVANCED_FACE('',(#339),#148,.T.);
#3718=ADVANCED_FACE('',(#340),#149,.T.);
#3719=ADVANCED_FACE('',(#341),#150,.T.);
#3720=ADVANCED_FACE('',(#342),#151,.T.);
#3721=ADVANCED_FACE('',(#343),#152,.T.);
#3722=ADVANCED_FACE('',(#344),#153,.T.);
#3723=ADVANCED_FACE('',(#345),#154,.T.);
#3724=ADVANCED_FACE('',(#346),#155,.T.);
#3725=ADVANCED_FACE('',(#347),#156,.T.);
#3726=ADVANCED_FACE('',(#348),#157,.T.);
#3727=ADVANCED_FACE('',(#349),#158,.T.);
#3728=ADVANCED_FACE('',(#350),#159,.T.);
#3729=ADVANCED_FACE('',(#351),#160,.T.);
#3730=ADVANCED_FACE('',(#352),#161,.T.);
#3731=ADVANCED_FACE('',(#353),#162,.T.);
#3732=ADVANCED_FACE('',(#354),#163,.T.);
#3733=ADVANCED_FACE('',(#355),#164,.T.);
#3734=ADVANCED_FACE('',(#356),#165,.T.);
#3735=ADVANCED_FACE('',(#357),#166,.T.);
#3736=ADVANCED_FACE('',(#358,#48,#49,#50,#51,#52,#53,#54),#167,.T.);
#3737=ADVANCED_FACE('',(#359),#168,.T.);
#3738=ADVANCED_FACE('',(#360),#169,.T.);
#3739=ADVANCED_FACE('',(#361),#170,.T.);
#3740=ADVANCED_FACE('',(#362),#171,.T.);
#3741=ADVANCED_FACE('',(#363),#172,.T.);
#3742=ADVANCED_FACE('',(#364),#173,.T.);
#3743=ADVANCED_FACE('',(#365),#174,.T.);
#3744=ADVANCED_FACE('',(#366),#175,.T.);
#3745=ADVANCED_FACE('',(#367),#176,.T.);
#3746=ADVANCED_FACE('',(#368),#177,.T.);
#3747=ADVANCED_FACE('',(#369),#178,.T.);
#3748=ADVANCED_FACE('',(#370),#179,.T.);
#3749=ADVANCED_FACE('',(#371),#180,.T.);
#3750=ADVANCED_FACE('',(#372),#181,.T.);
#3751=ADVANCED_FACE('',(#373),#182,.T.);
#3752=ADVANCED_FACE('',(#374),#183,.T.);
#3753=ADVANCED_FACE('',(#375),#184,.T.);
#3754=ADVANCED_FACE('',(#376),#185,.T.);
#3755=ADVANCED_FACE('',(#377),#186,.T.);
#3756=ADVANCED_FACE('',(#378),#187,.T.);
#3757=ADVANCED_FACE('',(#379),#188,.T.);
#3758=ADVANCED_FACE('',(#380),#189,.T.);
#3759=ADVANCED_FACE('',(#381),#190,.T.);
#3760=ADVANCED_FACE('',(#382),#191,.T.);
#3761=ADVANCED_FACE('',(#383),#192,.T.);
#3762=ADVANCED_FACE('',(#384),#193,.T.);
#3763=ADVANCED_FACE('',(#385),#194,.T.);
#3764=ADVANCED_FACE('',(#386),#195,.T.);
#3765=ADVANCED_FACE('',(#387),#196,.T.);
#3766=ADVANCED_FACE('',(#388),#197,.T.);
#3767=ADVANCED_FACE('',(#389),#198,.T.);
#3768=ADVANCED_FACE('',(#390),#199,.T.);
#3769=ADVANCED_FACE('',(#391),#200,.T.);
#3770=ADVANCED_FACE('',(#392),#201,.T.);
#3771=ADVANCED_FACE('',(#393),#202,.T.);
#3772=ADVANCED_FACE('',(#394),#203,.T.);
#3773=ADVANCED_FACE('',(#395),#204,.T.);
#3774=ADVANCED_FACE('',(#396),#205,.T.);
#3775=ADVANCED_FACE('',(#397),#206,.T.);
#3776=ADVANCED_FACE('',(#398),#207,.T.);
#3777=ADVANCED_FACE('',(#399),#208,.T.);
#3778=ADVANCED_FACE('',(#400),#209,.T.);
#3779=ADVANCED_FACE('',(#401),#210,.T.);
#3780=ADVANCED_FACE('',(#402),#211,.T.);
#3781=ADVANCED_FACE('',(#403),#212,.T.);
#3782=ADVANCED_FACE('',(#404),#213,.T.);
#3783=ADVANCED_FACE('',(#405),#214,.T.);
#3784=ADVANCED_FACE('',(#406),#215,.T.);
#3785=ADVANCED_FACE('',(#407),#216,.T.);
#3786=ADVANCED_FACE('',(#408),#217,.T.);
#3787=ADVANCED_FACE('',(#409),#218,.T.);
#3788=ADVANCED_FACE('',(#410),#219,.T.);
#3789=ADVANCED_FACE('',(#411),#220,.T.);
#3790=ADVANCED_FACE('',(#412),#221,.T.);
#3791=ADVANCED_FACE('',(#413),#222,.T.);
#3792=ADVANCED_FACE('',(#414),#223,.T.);
#3793=ADVANCED_FACE('',(#415),#224,.T.);
#3794=ADVANCED_FACE('',(#416),#225,.T.);
#3795=ADVANCED_FACE('',(#417),#226,.T.);
#3796=ADVANCED_FACE('',(#418),#227,.T.);
#3797=ADVANCED_FACE('',(#419),#228,.T.);
#3798=ADVANCED_FACE('',(#420),#229,.T.);
#3799=ADVANCED_FACE('',(#421),#230,.T.);
#3800=ADVANCED_FACE('',(#422),#231,.T.);
#3801=ADVANCED_FACE('',(#423,#55,#56,#57,#58),#232,.F.);
#3802=ADVANCED_FACE('',(#424),#32,.T.);
#3803=ADVANCED_FACE('',(#425),#31,.T.);
#3804=ADVANCED_FACE('',(#426,#59),#233,.T.);
#3805=ADVANCED_FACE('',(#427),#3624,.T.);
#3806=ADVANCED_FACE('',(#428),#234,.F.);
#3807=ADVANCED_FACE('',(#429),#235,.F.);
#3808=ADVANCED_FACE('',(#430),#236,.F.);
#3809=ADVANCED_FACE('',(#431),#237,.F.);
#3810=ADVANCED_FACE('',(#432),#238,.F.);
#3811=ADVANCED_FACE('',(#433),#239,.F.);
#3812=ADVANCED_FACE('',(#434),#240,.F.);
#3813=ADVANCED_FACE('',(#435),#241,.F.);
#3814=ADVANCED_FACE('',(#436),#242,.F.);
#3815=ADVANCED_FACE('',(#437),#243,.F.);
#3816=ADVANCED_FACE('',(#438),#244,.F.);
#3817=ADVANCED_FACE('',(#439),#245,.F.);
#3818=ADVANCED_FACE('',(#440),#3625,.T.);
#3819=ADVANCED_FACE('',(#441),#246,.T.);
#3820=ADVANCED_FACE('',(#442,#60),#247,.T.);
#3821=CLOSED_SHELL('',(#3626,#3627,#3628,#3629,#3630,#3631,#3632,#3633,
#3634,#3635,#3636,#3637,#3638,#3639,#3640,#3641,#3642,#3643,#3644,#3645,
#3646,#3647,#3648,#3649,#3650,#3651,#3652,#3653,#3654,#3655,#3656,#3657,
#3658,#3659,#3660,#3661,#3662,#3663,#3664,#3665,#3666,#3667,#3668,#3669,
#3670,#3671,#3672,#3673,#3674,#3675,#3676,#3677,#3678,#3679,#3680,#3681,
#3682,#3683,#3684,#3685,#3686,#3687,#3688,#3689,#3690,#3691,#3692,#3693,
#3694,#3695,#3696,#3697,#3698,#3699,#3700,#3701,#3702,#3703,#3704,#3705,
#3706,#3707,#3708,#3709,#3710,#3711,#3712,#3713,#3714,#3715,#3716,#3717,
#3718,#3719,#3720,#3721,#3722,#3723,#3724,#3725,#3726,#3727,#3728,#3729,
#3730,#3731,#3732,#3733,#3734,#3735,#3736,#3737,#3738,#3739,#3740,#3741,
#3742,#3743,#3744,#3745,#3746,#3747,#3748,#3749,#3750,#3751,#3752,#3753,
#3754,#3755,#3756,#3757,#3758,#3759,#3760,#3761,#3762,#3763,#3764,#3765,
#3766,#3767,#3768,#3769,#3770,#3771,#3772,#3773,#3774,#3775,#3776,#3777,
#3778,#3779,#3780,#3781,#3782,#3783,#3784,#3785,#3786,#3787,#3788,#3789,
#3790,#3791,#3792,#3793,#3794,#3795,#3796,#3797,#3798,#3799,#3800,#3801));
#3822=CLOSED_SHELL('',(#3802,#3803,#3804,#3805,#3806,#3807,#3808,#3809,
#3810,#3811,#3812,#3813,#3814,#3815,#3816,#3817,#3818,#3819,#3820));
#3823=DERIVED_UNIT_ELEMENT(#3827,1.);
#3824=DERIVED_UNIT_ELEMENT(#6096,-3.);
#3825=DERIVED_UNIT_ELEMENT(#3827,1.);
#3826=DERIVED_UNIT_ELEMENT(#6096,-3.);
#3827=(
MASS_UNIT()
NAMED_UNIT(*)
SI_UNIT(.KILO.,.GRAM.)
);
#3828=DERIVED_UNIT((#3823,#3824));
#3829=DERIVED_UNIT((#3825,#3826));
#3830=MEASURE_REPRESENTATION_ITEM('density measure',
POSITIVE_RATIO_MEASURE(7850.),#3828);
#3831=MEASURE_REPRESENTATION_ITEM('density measure',
POSITIVE_RATIO_MEASURE(7750.),#3829);
#3832=PROPERTY_DEFINITION_REPRESENTATION(#3842,#3836);
#3833=PROPERTY_DEFINITION_REPRESENTATION(#3843,#3837);
#3834=PROPERTY_DEFINITION_REPRESENTATION(#3844,#3838);
#3835=PROPERTY_DEFINITION_REPRESENTATION(#3845,#3839);
#3836=REPRESENTATION('material name',(#3840),#6092);
#3837=REPRESENTATION('density',(#3830),#6092);
#3838=REPRESENTATION('material name',(#3841),#6093);
#3839=REPRESENTATION('density',(#3831),#6093);
#3840=DESCRIPTIVE_REPRESENTATION_ITEM('Steel','Steel');
#3841=DESCRIPTIVE_REPRESENTATION_ITEM('Steel 4.6, Plain',
'Steel 4.6, Plain');
#3842=PROPERTY_DEFINITION('material property','material name',#6115);
#3843=PROPERTY_DEFINITION('material property','density of part',#6115);
#3844=PROPERTY_DEFINITION('material property','material name',#6116);
#3845=PROPERTY_DEFINITION('material property','density of part',#6116);
#3846=AXIS2_PLACEMENT_3D('',#5011,#4064,#4065);
#3847=AXIS2_PLACEMENT_3D('',#5012,#4066,#4067);
#3848=AXIS2_PLACEMENT_3D('',#5013,#4068,#4069);
#3849=AXIS2_PLACEMENT_3D('',#5015,#4070,#4071);
#3850=AXIS2_PLACEMENT_3D('',#5018,#4073,#4074);
#3851=AXIS2_PLACEMENT_3D('',#5019,#4075,#4076);
#3852=AXIS2_PLACEMENT_3D('',#5021,#4077,#4078);
#3853=AXIS2_PLACEMENT_3D('',#5024,#4080,#4081);
#3854=AXIS2_PLACEMENT_3D('',#5025,#4082,#4083);
#3855=AXIS2_PLACEMENT_3D('',#5027,#4084,#4085);
#3856=AXIS2_PLACEMENT_3D('',#5030,#4087,#4088);
#3857=AXIS2_PLACEMENT_3D('',#5031,#4089,#4090);
#3858=AXIS2_PLACEMENT_3D('',#5033,#4091,#4092);
#3859=AXIS2_PLACEMENT_3D('',#5036,#4094,#4095);
#3860=AXIS2_PLACEMENT_3D('',#5037,#4096,#4097);
#3861=AXIS2_PLACEMENT_3D('',#5046,#4102,#4103);
#3862=AXIS2_PLACEMENT_3D('',#5055,#4108,#4109);
#3863=AXIS2_PLACEMENT_3D('',#5064,#4114,#4115);
#3864=AXIS2_PLACEMENT_3D('',#5073,#4120,#4121);
#3865=AXIS2_PLACEMENT_3D('',#5082,#4126,#4127);
#3866=AXIS2_PLACEMENT_3D('',#5091,#4132,#4133);
#3867=AXIS2_PLACEMENT_3D('',#5100,#4138,#4139);
#3868=AXIS2_PLACEMENT_3D('',#5109,#4144,#4145);
#3869=AXIS2_PLACEMENT_3D('',#5118,#4150,#4151);
#3870=AXIS2_PLACEMENT_3D('',#5127,#4156,#4157);
#3871=AXIS2_PLACEMENT_3D('',#5136,#4162,#4163);
#3872=AXIS2_PLACEMENT_3D('',#5145,#4168,#4169);
#3873=AXIS2_PLACEMENT_3D('',#5154,#4174,#4175);
#3874=AXIS2_PLACEMENT_3D('',#5163,#4180,#4181);
#3875=AXIS2_PLACEMENT_3D('',#5172,#4186,#4187);
#3876=AXIS2_PLACEMENT_3D('',#5181,#4192,#4193);
#3877=AXIS2_PLACEMENT_3D('',#5190,#4198,#4199);
#3878=AXIS2_PLACEMENT_3D('',#5199,#4204,#4205);
#3879=AXIS2_PLACEMENT_3D('',#5208,#4210,#4211);
#3880=AXIS2_PLACEMENT_3D('',#5217,#4216,#4217);
#3881=AXIS2_PLACEMENT_3D('',#5220,#4220,#4221);
#3882=AXIS2_PLACEMENT_3D('',#5222,#4223,#4224);
#3883=AXIS2_PLACEMENT_3D('',#5224,#4226,#4227);
#3884=AXIS2_PLACEMENT_3D('',#5227,#4230,#4231);
#3885=AXIS2_PLACEMENT_3D('',#5229,#4233,#4234);
#3886=AXIS2_PLACEMENT_3D('',#5231,#4236,#4237);
#3887=AXIS2_PLACEMENT_3D('',#5472,#4358,#4359);
#3888=AXIS2_PLACEMENT_3D('',#5488,#4373,#4374);
#3889=AXIS2_PLACEMENT_3D('',#5491,#4377,#4378);
#3890=AXIS2_PLACEMENT_3D('',#5492,#4379,#4380);
#3891=AXIS2_PLACEMENT_3D('',#5493,#4381,#4382);
#3892=AXIS2_PLACEMENT_3D('',#5495,#4384,#4385);
#3893=AXIS2_PLACEMENT_3D('',#5497,#4387,#4388);
#3894=AXIS2_PLACEMENT_3D('',#5498,#4389,#4390);
#3895=AXIS2_PLACEMENT_3D('',#5501,#4393,#4394);
#3896=AXIS2_PLACEMENT_3D('',#5502,#4395,#4396);
#3897=AXIS2_PLACEMENT_3D('',#5503,#4397,#4398);
#3898=AXIS2_PLACEMENT_3D('',#5509,#4402,#4403);
#3899=AXIS2_PLACEMENT_3D('',#5513,#4406,#4407);
#3900=AXIS2_PLACEMENT_3D('',#5517,#4410,#4411);
#3901=AXIS2_PLACEMENT_3D('',#5520,#4414,#4415);
#3902=AXIS2_PLACEMENT_3D('',#5523,#4418,#4419);
#3903=AXIS2_PLACEMENT_3D('',#5524,#4420,#4421);
#3904=AXIS2_PLACEMENT_3D('',#5530,#4425,#4426);
#3905=AXIS2_PLACEMENT_3D('',#5536,#4430,#4431);
#3906=AXIS2_PLACEMENT_3D('',#5538,#4433,#4434);
#3907=AXIS2_PLACEMENT_3D('',#5542,#4437,#4438);
#3908=AXIS2_PLACEMENT_3D('',#5548,#4442,#4443);
#3909=AXIS2_PLACEMENT_3D('',#5554,#4447,#4448);
#3910=AXIS2_PLACEMENT_3D('',#5556,#4450,#4451);
#3911=AXIS2_PLACEMENT_3D('',#5560,#4454,#4455);
#3912=AXIS2_PLACEMENT_3D('',#5566,#4459,#4460);
#3913=AXIS2_PLACEMENT_3D('',#5572,#4464,#4465);
#3914=AXIS2_PLACEMENT_3D('',#5574,#4467,#4468);
#3915=AXIS2_PLACEMENT_3D('',#5578,#4471,#4472);
#3916=AXIS2_PLACEMENT_3D('',#5584,#4476,#4477);
#3917=AXIS2_PLACEMENT_3D('',#5590,#4481,#4482);
#3918=AXIS2_PLACEMENT_3D('',#5592,#4484,#4485);
#3919=AXIS2_PLACEMENT_3D('',#5596,#4488,#4489);
#3920=AXIS2_PLACEMENT_3D('',#5602,#4493,#4494);
#3921=AXIS2_PLACEMENT_3D('',#5608,#4498,#4499);
#3922=AXIS2_PLACEMENT_3D('',#5610,#4501,#4502);
#3923=AXIS2_PLACEMENT_3D('',#5614,#4505,#4506);
#3924=AXIS2_PLACEMENT_3D('',#5620,#4510,#4511);
#3925=AXIS2_PLACEMENT_3D('',#5626,#4515,#4516);
#3926=AXIS2_PLACEMENT_3D('',#5628,#4518,#4519);
#3927=AXIS2_PLACEMENT_3D('',#5632,#4522,#4523);
#3928=AXIS2_PLACEMENT_3D('',#5636,#4526,#4527);
#3929=AXIS2_PLACEMENT_3D('',#5640,#4530,#4531);
#3930=AXIS2_PLACEMENT_3D('',#5642,#4533,#4534);
#3931=AXIS2_PLACEMENT_3D('',#5644,#4536,#4537);
#3932=AXIS2_PLACEMENT_3D('',#5646,#4539,#4540);
#3933=AXIS2_PLACEMENT_3D('',#5647,#4541,#4542);
#3934=AXIS2_PLACEMENT_3D('',#5651,#4545,#4546);
#3935=AXIS2_PLACEMENT_3D('',#5657,#4550,#4551);
#3936=AXIS2_PLACEMENT_3D('',#5659,#4553,#4554);
#3937=AXIS2_PLACEMENT_3D('',#5663,#4557,#4558);
#3938=AXIS2_PLACEMENT_3D('',#5667,#4561,#4562);
#3939=AXIS2_PLACEMENT_3D('',#5673,#4566,#4567);
#3940=AXIS2_PLACEMENT_3D('',#5675,#4569,#4570);
#3941=AXIS2_PLACEMENT_3D('',#5679,#4573,#4574);
#3942=AXIS2_PLACEMENT_3D('',#5683,#4577,#4578);
#3943=AXIS2_PLACEMENT_3D('',#5689,#4582,#4583);
#3944=AXIS2_PLACEMENT_3D('',#5691,#4585,#4586);
#3945=AXIS2_PLACEMENT_3D('',#5695,#4589,#4590);
#3946=AXIS2_PLACEMENT_3D('',#5699,#4593,#4594);
#3947=AXIS2_PLACEMENT_3D('',#5705,#4598,#4599);
#3948=AXIS2_PLACEMENT_3D('',#5707,#4601,#4602);
#3949=AXIS2_PLACEMENT_3D('',#5711,#4605,#4606);
#3950=AXIS2_PLACEMENT_3D('',#5715,#4609,#4610);
#3951=AXIS2_PLACEMENT_3D('',#5721,#4614,#4615);
#3952=AXIS2_PLACEMENT_3D('',#5723,#4617,#4618);
#3953=AXIS2_PLACEMENT_3D('',#5727,#4621,#4622);
#3954=AXIS2_PLACEMENT_3D('',#5730,#4625,#4626);
#3955=AXIS2_PLACEMENT_3D('',#5733,#4629,#4630);
#3956=AXIS2_PLACEMENT_3D('',#5734,#4631,#4632);
#3957=AXIS2_PLACEMENT_3D('',#5740,#4636,#4637);
#3958=AXIS2_PLACEMENT_3D('',#5746,#4641,#4642);
#3959=AXIS2_PLACEMENT_3D('',#5748,#4644,#4645);
#3960=AXIS2_PLACEMENT_3D('',#5752,#4648,#4649);
#3961=AXIS2_PLACEMENT_3D('',#5758,#4653,#4654);
#3962=AXIS2_PLACEMENT_3D('',#5762,#4657,#4658);
#3963=AXIS2_PLACEMENT_3D('',#5764,#4660,#4661);
#3964=AXIS2_PLACEMENT_3D('',#5770,#4665,#4666);
#3965=AXIS2_PLACEMENT_3D('',#5776,#4670,#4671);
#3966=AXIS2_PLACEMENT_3D('',#5778,#4673,#4674);
#3967=AXIS2_PLACEMENT_3D('',#5782,#4678,#4679);
#3968=AXIS2_PLACEMENT_3D('',#5788,#4683,#4684);
#3969=AXIS2_PLACEMENT_3D('',#5794,#4688,#4689);
#3970=AXIS2_PLACEMENT_3D('',#5796,#4691,#4692);
#3971=AXIS2_PLACEMENT_3D('',#5798,#4694,#4695);
#3972=AXIS2_PLACEMENT_3D('',#5804,#4699,#4700);
#3973=AXIS2_PLACEMENT_3D('',#5810,#4704,#4705);
#3974=AXIS2_PLACEMENT_3D('',#5812,#4707,#4708);
#3975=AXIS2_PLACEMENT_3D('',#5814,#4710,#4711);
#3976=AXIS2_PLACEMENT_3D('',#5820,#4715,#4716);
#3977=AXIS2_PLACEMENT_3D('',#5826,#4720,#4721);
#3978=AXIS2_PLACEMENT_3D('',#5828,#4723,#4724);
#3979=AXIS2_PLACEMENT_3D('',#5830,#4726,#4727);
#3980=AXIS2_PLACEMENT_3D('',#5836,#4731,#4732);
#3981=AXIS2_PLACEMENT_3D('',#5842,#4736,#4737);
#3982=AXIS2_PLACEMENT_3D('',#5844,#4739,#4740);
#3983=AXIS2_PLACEMENT_3D('',#5846,#4742,#4743);
#3984=AXIS2_PLACEMENT_3D('',#5852,#4747,#4748);
#3985=AXIS2_PLACEMENT_3D('',#5858,#4752,#4753);
#3986=AXIS2_PLACEMENT_3D('',#5860,#4755,#4756);
#3987=AXIS2_PLACEMENT_3D('',#5862,#4758,#4759);
#3988=AXIS2_PLACEMENT_3D('',#5868,#4763,#4764);
#3989=AXIS2_PLACEMENT_3D('',#5874,#4768,#4769);
#3990=AXIS2_PLACEMENT_3D('',#5876,#4771,#4772);
#3991=AXIS2_PLACEMENT_3D('',#5878,#4774,#4775);
#3992=AXIS2_PLACEMENT_3D('',#5884,#4779,#4780);
#3993=AXIS2_PLACEMENT_3D('',#5888,#4783,#4784);
#3994=AXIS2_PLACEMENT_3D('',#5890,#4786,#4787);
#3995=AXIS2_PLACEMENT_3D('',#5892,#4789,#4790);
#3996=AXIS2_PLACEMENT_3D('',#5894,#4792,#4793);
#3997=AXIS2_PLACEMENT_3D('',#5895,#4794,#4795);
#3998=AXIS2_PLACEMENT_3D('',#5899,#4798,#4799);
#3999=AXIS2_PLACEMENT_3D('',#5905,#4803,#4804);
#4000=AXIS2_PLACEMENT_3D('',#5907,#4806,#4807);
#4001=AXIS2_PLACEMENT_3D('',#5909,#4809,#4810);
#4002=AXIS2_PLACEMENT_3D('',#5913,#4813,#4814);
#4003=AXIS2_PLACEMENT_3D('',#5919,#4818,#4819);
#4004=AXIS2_PLACEMENT_3D('',#5921,#4821,#4822);
#4005=AXIS2_PLACEMENT_3D('',#5923,#4824,#4825);
#4006=AXIS2_PLACEMENT_3D('',#5927,#4828,#4829);
#4007=AXIS2_PLACEMENT_3D('',#5933,#4833,#4834);
#4008=AXIS2_PLACEMENT_3D('',#5935,#4836,#4837);
#4009=AXIS2_PLACEMENT_3D('',#5937,#4839,#4840);
#4010=AXIS2_PLACEMENT_3D('',#5941,#4843,#4844);
#4011=AXIS2_PLACEMENT_3D('',#5947,#4848,#4849);
#4012=AXIS2_PLACEMENT_3D('',#5949,#4851,#4852);
#4013=AXIS2_PLACEMENT_3D('',#5951,#4854,#4855);
#4014=AXIS2_PLACEMENT_3D('',#5955,#4858,#4859);
#4015=AXIS2_PLACEMENT_3D('',#5961,#4863,#4864);
#4016=AXIS2_PLACEMENT_3D('',#5963,#4866,#4867);
#4017=AXIS2_PLACEMENT_3D('',#5965,#4869,#4870);
#4018=AXIS2_PLACEMENT_3D('',#5969,#4873,#4874);
#4019=AXIS2_PLACEMENT_3D('',#5975,#4878,#4879);
#4020=AXIS2_PLACEMENT_3D('',#5977,#4881,#4882);
#4021=AXIS2_PLACEMENT_3D('',#5979,#4884,#4885);
#4022=AXIS2_PLACEMENT_3D('',#5981,#4887,#4888);
#4023=AXIS2_PLACEMENT_3D('',#5983,#4890,#4891);
#4024=AXIS2_PLACEMENT_3D('',#5984,#4892,#4893);
#4025=AXIS2_PLACEMENT_3D('',#5988,#4896,#4897);
#4026=AXIS2_PLACEMENT_3D('',#5994,#4901,#4902);
#4027=AXIS2_PLACEMENT_3D('',#5996,#4904,#4905);
#4028=AXIS2_PLACEMENT_3D('',#5998,#4907,#4908);
#4029=AXIS2_PLACEMENT_3D('',#6002,#4911,#4912);
#4030=AXIS2_PLACEMENT_3D('',#6006,#4915,#4916);
#4031=AXIS2_PLACEMENT_3D('',#6008,#4918,#4919);
#4032=AXIS2_PLACEMENT_3D('',#6009,#4920,#4921);
#4033=AXIS2_PLACEMENT_3D('',#6010,#4922,#4923);
#4034=AXIS2_PLACEMENT_3D('',#6012,#4924,#4925);
#4035=AXIS2_PLACEMENT_3D('',#6015,#4927,#4928);
#4036=AXIS2_PLACEMENT_3D('',#6016,#4929,#4930);
#4037=AXIS2_PLACEMENT_3D('',#6018,#4931,#4932);
#4038=AXIS2_PLACEMENT_3D('',#6020,#4933,#4934);
#4039=AXIS2_PLACEMENT_3D('',#6021,#4935,#4936);
#4040=AXIS2_PLACEMENT_3D('',#6022,#4937,#4938);
#4041=AXIS2_PLACEMENT_3D('',#6035,#4945,#4946);
#4042=AXIS2_PLACEMENT_3D('',#6037,#4947,#4948);
#4043=AXIS2_PLACEMENT_3D('',#6039,#4950,#4951);
#4044=AXIS2_PLACEMENT_3D('',#6046,#4955,#4956);
#4045=AXIS2_PLACEMENT_3D('',#6050,#4959,#4960);
#4046=AXIS2_PLACEMENT_3D('',#6054,#4963,#4964);
#4047=AXIS2_PLACEMENT_3D('',#6058,#4967,#4968);
#4048=AXIS2_PLACEMENT_3D('',#6062,#4971,#4972);
#4049=AXIS2_PLACEMENT_3D('',#6064,#4974,#4975);
#4050=AXIS2_PLACEMENT_3D('',#6067,#4978,#4979);
#4051=AXIS2_PLACEMENT_3D('',#6069,#4981,#4982);
#4052=AXIS2_PLACEMENT_3D('',#6071,#4984,#4985);
#4053=AXIS2_PLACEMENT_3D('',#6073,#4987,#4988);
#4054=AXIS2_PLACEMENT_3D('',#6075,#4990,#4991);
#4055=AXIS2_PLACEMENT_3D('',#6076,#4992,#4993);
#4056=AXIS2_PLACEMENT_3D('',#6079,#4995,#4996);
#4057=AXIS2_PLACEMENT_3D('',#6080,#4997,#4998);
#4058=AXIS2_PLACEMENT_3D('',#6081,#4999,#5000);
#4059=AXIS2_PLACEMENT_3D('',#6082,#5001,#5002);
#4060=AXIS2_PLACEMENT_3D('',#6083,#5003,#5004);
#4061=AXIS2_PLACEMENT_3D('',#6084,#5005,#5006);
#4062=AXIS2_PLACEMENT_3D('',#6085,#5007,#5008);
#4063=AXIS2_PLACEMENT_3D('',#6086,#5009,#5010);
#4064=DIRECTION('axis',(0.,0.,1.));
#4065=DIRECTION('refdir',(1.,0.,0.));
#4066=DIRECTION('axis',(0.,0.,1.));
#4067=DIRECTION('refdir',(1.,0.,0.));
#4068=DIRECTION('center_axis',(0.,-1.,0.));
#4069=DIRECTION('ref_axis',(0.,0.,1.));
#4070=DIRECTION('center_axis',(0.,-1.,0.));
#4071=DIRECTION('ref_axis',(0.,0.,1.));
#4072=DIRECTION('',(0.,-1.,0.));
#4073=DIRECTION('center_axis',(0.,1.,0.));
#4074=DIRECTION('ref_axis',(0.,0.,1.));
#4075=DIRECTION('center_axis',(0.,-1.,0.));
#4076=DIRECTION('ref_axis',(0.,0.,1.));
#4077=DIRECTION('center_axis',(0.,-1.,0.));
#4078=DIRECTION('ref_axis',(0.,0.,1.));
#4079=DIRECTION('',(0.,-1.,0.));
#4080=DIRECTION('center_axis',(0.,1.,0.));
#4081=DIRECTION('ref_axis',(0.,0.,1.));
#4082=DIRECTION('center_axis',(0.,-1.,0.));
#4083=DIRECTION('ref_axis',(0.,0.,1.));
#4084=DIRECTION('center_axis',(0.,-1.,0.));
#4085=DIRECTION('ref_axis',(0.,0.,1.));
#4086=DIRECTION('',(0.,-1.,0.));
#4087=DIRECTION('center_axis',(0.,1.,0.));
#4088=DIRECTION('ref_axis',(0.,0.,1.));
#4089=DIRECTION('center_axis',(0.,-1.,0.));
#4090=DIRECTION('ref_axis',(0.,0.,1.));
#4091=DIRECTION('center_axis',(0.,-1.,0.));
#4092=DIRECTION('ref_axis',(0.,0.,1.));
#4093=DIRECTION('',(0.,-1.,0.));
#4094=DIRECTION('center_axis',(0.,1.,0.));
#4095=DIRECTION('ref_axis',(0.,0.,1.));
#4096=DIRECTION('center_axis',(0.,0.,-1.));
#4097=DIRECTION('ref_axis',(-1.,0.,0.));
#4098=DIRECTION('',(0.,1.,0.));
#4099=DIRECTION('',(-1.,0.,0.));
#4100=DIRECTION('',(0.,-1.,0.));
#4101=DIRECTION('',(1.,0.,0.));
#4102=DIRECTION('center_axis',(0.,0.,-1.));
#4103=DIRECTION('ref_axis',(-1.,0.,0.));
#4104=DIRECTION('',(0.,-1.,0.));
#4105=DIRECTION('',(1.,0.,0.));
#4106=DIRECTION('',(0.,1.,0.));
#4107=DIRECTION('',(-1.,0.,0.));
#4108=DIRECTION('center_axis',(0.,0.,-1.));
#4109=DIRECTION('ref_axis',(-1.,0.,0.));
#4110=DIRECTION('',(0.,1.,0.));
#4111=DIRECTION('',(-1.,0.,0.));
#4112=DIRECTION('',(0.,-1.,0.));
#4113=DIRECTION('',(1.,0.,0.));
#4114=DIRECTION('center_axis',(0.,0.,-1.));
#4115=DIRECTION('ref_axis',(-1.,0.,0.));
#4116=DIRECTION('',(0.,-1.,0.));
#4117=DIRECTION('',(1.,0.,0.));
#4118=DIRECTION('',(0.,1.,0.));
#4119=DIRECTION('',(-1.,0.,0.));
#4120=DIRECTION('center_axis',(0.,0.,-1.));
#4121=DIRECTION('ref_axis',(-1.,0.,0.));
#4122=DIRECTION('',(0.,-1.,0.));
#4123=DIRECTION('',(1.,0.,0.));
#4124=DIRECTION('',(0.,1.,0.));
#4125=DIRECTION('',(-1.,0.,0.));
#4126=DIRECTION('center_axis',(0.,0.,1.));
#4127=DIRECTION('ref_axis',(1.,0.,0.));
#4128=DIRECTION('',(0.,1.,0.));
#4129=DIRECTION('',(-1.,0.,0.));
#4130=DIRECTION('',(0.,-1.,0.));
#4131=DIRECTION('',(-1.,0.,0.));
#4132=DIRECTION('center_axis',(0.,0.,1.));
#4133=DIRECTION('ref_axis',(1.,0.,0.));
#4134=DIRECTION('',(0.,1.,0.));
#4135=DIRECTION('',(-1.,0.,0.));
#4136=DIRECTION('',(0.,-1.,0.));
#4137=DIRECTION('',(-1.,0.,0.));
#4138=DIRECTION('center_axis',(0.,0.,1.));
#4139=DIRECTION('ref_axis',(1.,0.,0.));
#4140=DIRECTION('',(0.,-1.,0.));
#4141=DIRECTION('',(-1.,0.,0.));
#4142=DIRECTION('',(0.,1.,0.));
#4143=DIRECTION('',(-1.,0.,0.));
#4144=DIRECTION('center_axis',(0.,0.,1.));
#4145=DIRECTION('ref_axis',(1.,0.,0.));
#4146=DIRECTION('',(0.,-1.,0.));
#4147=DIRECTION('',(-1.,0.,0.));
#4148=DIRECTION('',(0.,1.,0.));
#4149=DIRECTION('',(-1.,0.,0.));
#4150=DIRECTION('center_axis',(0.,0.,1.));
#4151=DIRECTION('ref_axis',(1.,0.,0.));
#4152=DIRECTION('',(0.,1.,0.));
#4153=DIRECTION('',(-1.,0.,0.));
#4154=DIRECTION('',(0.,-1.,0.));
#4155=DIRECTION('',(-1.,0.,0.));
#4156=DIRECTION('center_axis',(0.,0.,-1.));
#4157=DIRECTION('ref_axis',(-1.,0.,0.));
#4158=DIRECTION('',(0.,1.,0.));
#4159=DIRECTION('',(1.,0.,0.));
#4160=DIRECTION('',(0.,-1.,0.));
#4161=DIRECTION('',(1.,0.,0.));
#4162=DIRECTION('center_axis',(0.,0.,-1.));
#4163=DIRECTION('ref_axis',(-1.,0.,0.));
#4164=DIRECTION('',(0.,1.,0.));
#4165=DIRECTION('',(1.,0.,0.));
#4166=DIRECTION('',(0.,-1.,0.));
#4167=DIRECTION('',(1.,0.,0.));
#4168=DIRECTION('center_axis',(0.,0.,-1.));
#4169=DIRECTION('ref_axis',(-1.,0.,0.));
#4170=DIRECTION('',(0.,-1.,0.));
#4171=DIRECTION('',(1.,0.,0.));
#4172=DIRECTION('',(0.,1.,0.));
#4173=DIRECTION('',(1.,0.,0.));
#4174=DIRECTION('center_axis',(0.,0.,-1.));
#4175=DIRECTION('ref_axis',(-1.,0.,0.));
#4176=DIRECTION('',(0.,-1.,0.));
#4177=DIRECTION('',(1.,0.,0.));
#4178=DIRECTION('',(0.,1.,0.));
#4179=DIRECTION('',(1.,0.,0.));
#4180=DIRECTION('center_axis',(0.,0.,-1.));
#4181=DIRECTION('ref_axis',(-1.,0.,0.));
#4182=DIRECTION('',(0.,1.,0.));
#4183=DIRECTION('',(1.,0.,0.));
#4184=DIRECTION('',(0.,-1.,0.));
#4185=DIRECTION('',(1.,0.,0.));
#4186=DIRECTION('center_axis',(0.,0.,1.));
#4187=DIRECTION('ref_axis',(1.,0.,0.));
#4188=DIRECTION('',(0.,1.,0.));
#4189=DIRECTION('',(1.,0.,0.));
#4190=DIRECTION('',(0.,-1.,0.));
#4191=DIRECTION('',(-1.,0.,0.));
#4192=DIRECTION('center_axis',(0.,0.,1.));
#4193=DIRECTION('ref_axis',(1.,0.,0.));
#4194=DIRECTION('',(0.,-1.,0.));
#4195=DIRECTION('',(-1.,0.,0.));
#4196=DIRECTION('',(0.,1.,0.));
#4197=DIRECTION('',(1.,0.,0.));
#4198=DIRECTION('center_axis',(0.,0.,1.));
#4199=DIRECTION('ref_axis',(1.,0.,0.));
#4200=DIRECTION('',(0.,-1.,0.));
#4201=DIRECTION('',(-1.,0.,0.));
#4202=DIRECTION('',(0.,1.,0.));
#4203=DIRECTION('',(1.,0.,0.));
#4204=DIRECTION('center_axis',(0.,0.,1.));
#4205=DIRECTION('ref_axis',(1.,0.,0.));
#4206=DIRECTION('',(0.,-1.,0.));
#4207=DIRECTION('',(-1.,0.,0.));
#4208=DIRECTION('',(0.,1.,0.));
#4209=DIRECTION('',(1.,0.,0.));
#4210=DIRECTION('center_axis',(0.,0.,1.));
#4211=DIRECTION('ref_axis',(1.,0.,0.));
#4212=DIRECTION('',(0.,-1.,0.));
#4213=DIRECTION('',(-1.,0.,0.));
#4214=DIRECTION('',(0.,1.,0.));
#4215=DIRECTION('',(1.,0.,0.));
#4216=DIRECTION('center_axis',(-1.,0.,0.));
#4217=DIRECTION('ref_axis',(0.,0.,1.));
#4218=DIRECTION('',(0.,0.,1.));
#4219=DIRECTION('',(0.,0.,-1.));
#4220=DIRECTION('center_axis',(0.,1.,0.));
#4221=DIRECTION('ref_axis',(0.,0.,1.));
#4222=DIRECTION('',(0.,0.,-1.));
#4223=DIRECTION('center_axis',(1.,0.,0.));
#4224=DIRECTION('ref_axis',(0.,0.,-1.));
#4225=DIRECTION('',(0.,0.,1.));
#4226=DIRECTION('center_axis',(-1.,0.,0.));
#4227=DIRECTION('ref_axis',(0.,0.,1.));
#4228=DIRECTION('',(0.,0.,1.));
#4229=DIRECTION('',(0.,0.,-1.));
#4230=DIRECTION('center_axis',(0.,1.,0.));
#4231=DIRECTION('ref_axis',(0.,0.,1.));
#4232=DIRECTION('',(0.,0.,-1.));
#4233=DIRECTION('center_axis',(1.,0.,0.));
#4234=DIRECTION('ref_axis',(0.,0.,-1.));
#4235=DIRECTION('',(0.,0.,1.));
#4236=DIRECTION('center_axis',(0.,0.,1.));
#4237=DIRECTION('ref_axis',(1.,0.,0.));
#4238=DIRECTION('',(1.,0.,0.));
#4239=DIRECTION('',(0.,1.,0.));
#4240=DIRECTION('',(1.,0.,0.));
#4241=DIRECTION('',(0.,1.,0.));
#4242=DIRECTION('',(1.,0.,0.));
#4243=DIRECTION('',(0.,1.,0.));
#4244=DIRECTION('',(1.,0.,0.));
#4245=DIRECTION('',(0.,1.,0.));
#4246=DIRECTION('',(1.,0.,0.));
#4247=DIRECTION('',(0.,1.,0.));
#4248=DIRECTION('',(1.,0.,0.));
#4249=DIRECTION('',(0.,1.,0.));
#4250=DIRECTION('',(1.,0.,0.));
#4251=DIRECTION('',(0.,1.,0.));
#4252=DIRECTION('',(1.,0.,0.));
#4253=DIRECTION('',(0.,1.,0.));
#4254=DIRECTION('',(-1.,0.,0.));
#4255=DIRECTION('',(0.,1.,0.));
#4256=DIRECTION('',(1.,0.,0.));
#4257=DIRECTION('',(0.,1.,0.));
#4258=DIRECTION('',(1.,0.,0.));
#4259=DIRECTION('',(0.,1.,0.));
#4260=DIRECTION('',(1.,0.,0.));
#4261=DIRECTION('',(0.,1.,0.));
#4262=DIRECTION('',(1.,0.,0.));
#4263=DIRECTION('',(0.,1.,0.));
#4264=DIRECTION('',(1.,0.,0.));
#4265=DIRECTION('',(0.,1.,0.));
#4266=DIRECTION('',(1.,0.,0.));
#4267=DIRECTION('',(0.,1.,0.));
#4268=DIRECTION('',(1.,0.,0.));
#4269=DIRECTION('',(0.,1.,0.));
#4270=DIRECTION('',(1.,0.,0.));
#4271=DIRECTION('',(0.,1.,0.));
#4272=DIRECTION('',(1.,0.,0.));
#4273=DIRECTION('',(0.,1.,0.));
#4274=DIRECTION('',(1.,0.,0.));
#4275=DIRECTION('',(0.,1.,0.));
#4276=DIRECTION('',(1.,0.,0.));
#4277=DIRECTION('',(0.,1.,0.));
#4278=DIRECTION('',(1.,0.,0.));
#4279=DIRECTION('',(0.,1.,0.));
#4280=DIRECTION('',(1.,0.,0.));
#4281=DIRECTION('',(0.,1.,0.));
#4282=DIRECTION('',(1.,0.,0.));
#4283=DIRECTION('',(0.,1.,0.));
#4284=DIRECTION('',(1.,0.,0.));
#4285=DIRECTION('',(0.,1.,0.));
#4286=DIRECTION('',(1.,0.,0.));
#4287=DIRECTION('',(0.,1.,0.));
#4288=DIRECTION('',(1.,0.,0.));
#4289=DIRECTION('',(0.,1.,0.));
#4290=DIRECTION('',(1.,0.,0.));
#4291=DIRECTION('',(0.,1.,0.));
#4292=DIRECTION('',(1.,0.,0.));
#4293=DIRECTION('',(0.,1.,0.));
#4294=DIRECTION('',(1.,0.,0.));
#4295=DIRECTION('',(0.,1.,0.));
#4296=DIRECTION('',(1.,0.,0.));
#4297=DIRECTION('',(0.,1.,0.));
#4298=DIRECTION('',(1.,0.,0.));
#4299=DIRECTION('',(0.,1.,0.));
#4300=DIRECTION('',(1.,0.,0.));
#4301=DIRECTION('',(0.,1.,0.));
#4302=DIRECTION('',(1.,0.,0.));
#4303=DIRECTION('',(0.,1.,0.));
#4304=DIRECTION('',(1.,0.,0.));
#4305=DIRECTION('',(0.,1.,0.));
#4306=DIRECTION('',(1.,0.,0.));
#4307=DIRECTION('',(0.,1.,0.));
#4308=DIRECTION('',(1.,0.,0.));
#4309=DIRECTION('',(0.,1.,0.));
#4310=DIRECTION('',(1.,0.,0.));
#4311=DIRECTION('',(0.,1.,0.));
#4312=DIRECTION('',(1.,0.,0.));
#4313=DIRECTION('',(0.,1.,0.));
#4314=DIRECTION('',(1.,0.,0.));
#4315=DIRECTION('',(0.,1.,0.));
#4316=DIRECTION('',(1.,0.,0.));
#4317=DIRECTION('',(0.,1.,0.));
#4318=DIRECTION('',(1.,0.,0.));
#4319=DIRECTION('',(0.,1.,0.));
#4320=DIRECTION('',(1.,0.,0.));
#4321=DIRECTION('',(0.,1.,0.));
#4322=DIRECTION('',(1.,0.,0.));
#4323=DIRECTION('',(0.,1.,0.));
#4324=DIRECTION('',(1.,0.,0.));
#4325=DIRECTION('',(0.,1.,0.));
#4326=DIRECTION('',(1.,0.,0.));
#4327=DIRECTION('',(0.,1.,0.));
#4328=DIRECTION('',(1.,0.,0.));
#4329=DIRECTION('',(0.,1.,0.));
#4330=DIRECTION('',(1.,0.,0.));
#4331=DIRECTION('',(0.,1.,0.));
#4332=DIRECTION('',(1.,0.,0.));
#4333=DIRECTION('',(0.,1.,0.));
#4334=DIRECTION('',(1.,0.,0.));
#4335=DIRECTION('',(0.,1.,0.));
#4336=DIRECTION('',(1.,0.,0.));
#4337=DIRECTION('',(0.,1.,0.));
#4338=DIRECTION('',(1.,0.,0.));
#4339=DIRECTION('',(0.,1.,0.));
#4340=DIRECTION('',(1.,0.,0.));
#4341=DIRECTION('',(0.,1.,0.));
#4342=DIRECTION('',(1.,0.,0.));
#4343=DIRECTION('',(0.,1.,0.));
#4344=DIRECTION('',(1.,0.,0.));
#4345=DIRECTION('',(0.,1.,0.));
#4346=DIRECTION('',(1.,0.,0.));
#4347=DIRECTION('',(0.,1.,0.));
#4348=DIRECTION('',(1.,0.,0.));
#4349=DIRECTION('',(0.,1.,0.));
#4350=DIRECTION('',(1.,0.,0.));
#4351=DIRECTION('',(0.,1.,0.));
#4352=DIRECTION('',(1.,0.,0.));
#4353=DIRECTION('',(0.,1.,0.));
#4354=DIRECTION('',(1.,0.,0.));
#4355=DIRECTION('',(0.,1.,0.));
#4356=DIRECTION('',(1.,0.,0.));
#4357=DIRECTION('',(0.,1.,0.));
#4358=DIRECTION('center_axis',(0.,1.,0.));
#4359=DIRECTION('ref_axis',(0.,0.,1.));
#4360=DIRECTION('',(0.,0.,-1.));
#4361=DIRECTION('',(-1.,0.,0.));
#4362=DIRECTION('',(0.,0.,1.));
#4363=DIRECTION('',(0.,0.,-1.));
#4364=DIRECTION('',(0.,0.,1.));
#4365=DIRECTION('',(0.,0.,-1.));
#4366=DIRECTION('',(0.,0.,1.));
#4367=DIRECTION('',(0.,0.,-1.));
#4368=DIRECTION('',(0.,0.,1.));
#4369=DIRECTION('',(0.,0.,-1.));
#4370=DIRECTION('',(0.,0.,1.));
#4371=DIRECTION('',(0.,0.,-1.));
#4372=DIRECTION('',(0.,0.,1.));
#4373=DIRECTION('center_axis',(0.,1.,0.));
#4374=DIRECTION('ref_axis',(0.,0.,1.));
#4375=DIRECTION('',(0.,0.,-1.));
#4376=DIRECTION('',(0.,0.,1.));
#4377=DIRECTION('center_axis',(-1.,0.,0.));
#4378=DIRECTION('ref_axis',(0.,0.,1.));
#4379=DIRECTION('center_axis',(1.,0.,0.));
#4380=DIRECTION('ref_axis',(0.,0.,-1.));
#4381=DIRECTION('center_axis',(-1.,0.,0.));
#4382=DIRECTION('ref_axis',(0.,0.,1.));
#4383=DIRECTION('',(0.,0.,1.));
#4384=DIRECTION('center_axis',(0.,1.,0.));
#4385=DIRECTION('ref_axis',(0.,0.,1.));
#4386=DIRECTION('',(0.,0.,-1.));
#4387=DIRECTION('center_axis',(1.,0.,0.));
#4388=DIRECTION('ref_axis',(0.,0.,-1.));
#4389=DIRECTION('center_axis',(0.,1.,0.));
#4390=DIRECTION('ref_axis',(0.,0.,1.));
#4391=DIRECTION('',(0.,0.,-1.));
#4392=DIRECTION('',(0.,0.,1.));
#4393=DIRECTION('center_axis',(-1.,0.,0.));
#4394=DIRECTION('ref_axis',(0.,0.,1.));
#4395=DIRECTION('center_axis',(1.,0.,0.));
#4396=DIRECTION('ref_axis',(0.,0.,-1.));
#4397=DIRECTION('center_axis',(1.,0.,0.));
#4398=DIRECTION('ref_axis',(0.,0.,-1.));
#4399=DIRECTION('',(0.,0.,1.));
#4400=DIRECTION('',(0.,1.,0.));
#4401=DIRECTION('',(0.,0.,-1.));
#4402=DIRECTION('center_axis',(0.,1.,0.));
#4403=DIRECTION('ref_axis',(0.,0.,1.));
#4404=DIRECTION('',(-1.,0.,0.));
#4405=DIRECTION('',(0.,0.,1.));
#4406=DIRECTION('center_axis',(0.,1.,0.));
#4407=DIRECTION('ref_axis',(0.,0.,1.));
#4408=DIRECTION('',(0.,0.,-1.));
#4409=DIRECTION('',(-1.,0.,0.));
#4410=DIRECTION('center_axis',(1.,0.,0.));
#4411=DIRECTION('ref_axis',(0.,0.,-1.));
#4412=DIRECTION('',(0.,0.,1.));
#4413=DIRECTION('',(0.,0.,-1.));
#4414=DIRECTION('center_axis',(-1.,0.,0.));
#4415=DIRECTION('ref_axis',(0.,0.,1.));
#4416=DIRECTION('',(0.,0.,1.));
#4417=DIRECTION('',(0.,0.,-1.));
#4418=DIRECTION('center_axis',(0.,1.,0.));
#4419=DIRECTION('ref_axis',(0.,0.,1.));
#4420=DIRECTION('center_axis',(1.,0.,0.));
#4421=DIRECTION('ref_axis',(0.,0.,-1.));
#4422=DIRECTION('',(0.,0.,1.));
#4423=DIRECTION('',(0.,1.,0.));
#4424=DIRECTION('',(0.,0.,-1.));
#4425=DIRECTION('center_axis',(-1.,0.,0.));
#4426=DIRECTION('ref_axis',(0.,0.,1.));
#4427=DIRECTION('',(0.,0.,-1.));
#4428=DIRECTION('',(0.,0.,1.));
#4429=DIRECTION('',(0.,1.,0.));
#4430=DIRECTION('center_axis',(0.,1.,0.));
#4431=DIRECTION('ref_axis',(0.,0.,1.));
#4432=DIRECTION('',(-1.,0.,0.));
#4433=DIRECTION('center_axis',(0.,1.,0.));
#4434=DIRECTION('ref_axis',(0.,0.,1.));
#4435=DIRECTION('',(-1.,0.,0.));
#4436=DIRECTION('',(0.,0.,1.));
#4437=DIRECTION('center_axis',(1.,0.,0.));
#4438=DIRECTION('ref_axis',(0.,0.,-1.));
#4439=DIRECTION('',(0.,0.,1.));
#4440=DIRECTION('',(0.,1.,0.));
#4441=DIRECTION('',(0.,0.,-1.));
#4442=DIRECTION('center_axis',(-1.,0.,0.));
#4443=DIRECTION('ref_axis',(0.,0.,1.));
#4444=DIRECTION('',(0.,0.,-1.));
#4445=DIRECTION('',(0.,0.,1.));
#4446=DIRECTION('',(0.,1.,0.));
#4447=DIRECTION('center_axis',(0.,1.,0.));
#4448=DIRECTION('ref_axis',(0.,0.,1.));
#4449=DIRECTION('',(-1.,0.,0.));
#4450=DIRECTION('center_axis',(0.,1.,0.));
#4451=DIRECTION('ref_axis',(0.,0.,1.));
#4452=DIRECTION('',(-1.,0.,0.));
#4453=DIRECTION('',(0.,0.,1.));
#4454=DIRECTION('center_axis',(1.,0.,0.));
#4455=DIRECTION('ref_axis',(0.,0.,-1.));
#4456=DIRECTION('',(0.,0.,1.));
#4457=DIRECTION('',(0.,1.,0.));
#4458=DIRECTION('',(0.,0.,-1.));
#4459=DIRECTION('center_axis',(-1.,0.,0.));
#4460=DIRECTION('ref_axis',(0.,0.,1.));
#4461=DIRECTION('',(0.,0.,-1.));
#4462=DIRECTION('',(0.,0.,1.));
#4463=DIRECTION('',(0.,1.,0.));
#4464=DIRECTION('center_axis',(0.,1.,0.));
#4465=DIRECTION('ref_axis',(0.,0.,1.));
#4466=DIRECTION('',(-1.,0.,0.));
#4467=DIRECTION('center_axis',(0.,1.,0.));
#4468=DIRECTION('ref_axis',(0.,0.,1.));
#4469=DIRECTION('',(-1.,0.,0.));
#4470=DIRECTION('',(0.,0.,1.));
#4471=DIRECTION('center_axis',(1.,0.,0.));
#4472=DIRECTION('ref_axis',(0.,0.,-1.));
#4473=DIRECTION('',(0.,0.,1.));
#4474=DIRECTION('',(0.,1.,0.));
#4475=DIRECTION('',(0.,0.,-1.));
#4476=DIRECTION('center_axis',(-1.,0.,0.));
#4477=DIRECTION('ref_axis',(0.,0.,1.));
#4478=DIRECTION('',(0.,0.,-1.));
#4479=DIRECTION('',(0.,0.,1.));
#4480=DIRECTION('',(0.,1.,0.));
#4481=DIRECTION('center_axis',(0.,1.,0.));
#4482=DIRECTION('ref_axis',(0.,0.,1.));
#4483=DIRECTION('',(-1.,0.,0.));
#4484=DIRECTION('center_axis',(0.,1.,0.));
#4485=DIRECTION('ref_axis',(0.,0.,1.));
#4486=DIRECTION('',(-1.,0.,0.));
#4487=DIRECTION('',(0.,0.,1.));
#4488=DIRECTION('center_axis',(1.,0.,0.));
#4489=DIRECTION('ref_axis',(0.,0.,-1.));
#4490=DIRECTION('',(0.,0.,1.));
#4491=DIRECTION('',(0.,1.,0.));
#4492=DIRECTION('',(0.,0.,-1.));
#4493=DIRECTION('center_axis',(-1.,0.,0.));
#4494=DIRECTION('ref_axis',(0.,0.,1.));
#4495=DIRECTION('',(0.,0.,-1.));
#4496=DIRECTION('',(0.,0.,1.));
#4497=DIRECTION('',(0.,1.,0.));
#4498=DIRECTION('center_axis',(0.,1.,0.));
#4499=DIRECTION('ref_axis',(0.,0.,1.));
#4500=DIRECTION('',(-1.,0.,0.));
#4501=DIRECTION('center_axis',(0.,1.,0.));
#4502=DIRECTION('ref_axis',(0.,0.,1.));
#4503=DIRECTION('',(-1.,0.,0.));
#4504=DIRECTION('',(0.,0.,1.));
#4505=DIRECTION('center_axis',(1.,0.,0.));
#4506=DIRECTION('ref_axis',(0.,0.,-1.));
#4507=DIRECTION('',(0.,0.,1.));
#4508=DIRECTION('',(0.,1.,0.));
#4509=DIRECTION('',(0.,0.,-1.));
#4510=DIRECTION('center_axis',(-1.,0.,0.));
#4511=DIRECTION('ref_axis',(0.,0.,1.));
#4512=DIRECTION('',(0.,0.,-1.));
#4513=DIRECTION('',(0.,0.,1.));
#4514=DIRECTION('',(0.,1.,0.));
#4515=DIRECTION('center_axis',(0.,1.,0.));
#4516=DIRECTION('ref_axis',(0.,0.,1.));
#4517=DIRECTION('',(-1.,0.,0.));
#4518=DIRECTION('center_axis',(0.,1.,0.));
#4519=DIRECTION('ref_axis',(0.,0.,1.));
#4520=DIRECTION('',(-1.,0.,0.));
#4521=DIRECTION('',(0.,0.,1.));
#4522=DIRECTION('center_axis',(1.,0.,0.));
#4523=DIRECTION('ref_axis',(0.,0.,-1.));
#4524=DIRECTION('',(0.,1.,0.));
#4525=DIRECTION('',(0.,0.,-1.));
#4526=DIRECTION('center_axis',(-1.,0.,0.));
#4527=DIRECTION('ref_axis',(0.,0.,1.));
#4528=DIRECTION('',(0.,0.,1.));
#4529=DIRECTION('',(0.,1.,0.));
#4530=DIRECTION('center_axis',(0.,1.,0.));
#4531=DIRECTION('ref_axis',(0.,0.,1.));
#4532=DIRECTION('',(-1.,0.,0.));
#4533=DIRECTION('center_axis',(1.,0.,0.));
#4534=DIRECTION('ref_axis',(0.,0.,-1.));
#4535=DIRECTION('',(0.,0.,-1.));
#4536=DIRECTION('center_axis',(-1.,0.,0.));
#4537=DIRECTION('ref_axis',(0.,0.,1.));
#4538=DIRECTION('',(0.,0.,1.));
#4539=DIRECTION('center_axis',(0.,1.,0.));
#4540=DIRECTION('ref_axis',(0.,0.,1.));
#4541=DIRECTION('center_axis',(1.,0.,0.));
#4542=DIRECTION('ref_axis',(0.,0.,-1.));
#4543=DIRECTION('',(0.,1.,0.));
#4544=DIRECTION('',(0.,0.,-1.));
#4545=DIRECTION('center_axis',(-1.,0.,0.));
#4546=DIRECTION('ref_axis',(0.,0.,1.));
#4547=DIRECTION('',(0.,0.,-1.));
#4548=DIRECTION('',(0.,0.,1.));
#4549=DIRECTION('',(0.,1.,0.));
#4550=DIRECTION('center_axis',(0.,1.,0.));
#4551=DIRECTION('ref_axis',(0.,0.,1.));
#4552=DIRECTION('',(-1.,0.,0.));
#4553=DIRECTION('center_axis',(0.,1.,0.));
#4554=DIRECTION('ref_axis',(0.,0.,1.));
#4555=DIRECTION('',(-1.,0.,0.));
#4556=DIRECTION('',(0.,0.,1.));
#4557=DIRECTION('center_axis',(1.,0.,0.));
#4558=DIRECTION('ref_axis',(0.,0.,-1.));
#4559=DIRECTION('',(0.,1.,0.));
#4560=DIRECTION('',(0.,0.,-1.));
#4561=DIRECTION('center_axis',(-1.,0.,0.));
#4562=DIRECTION('ref_axis',(0.,0.,1.));
#4563=DIRECTION('',(0.,0.,-1.));
#4564=DIRECTION('',(0.,0.,1.));
#4565=DIRECTION('',(0.,1.,0.));
#4566=DIRECTION('center_axis',(0.,1.,0.));
#4567=DIRECTION('ref_axis',(0.,0.,1.));
#4568=DIRECTION('',(-1.,0.,0.));
#4569=DIRECTION('center_axis',(0.,1.,0.));
#4570=DIRECTION('ref_axis',(0.,0.,1.));
#4571=DIRECTION('',(-1.,0.,0.));
#4572=DIRECTION('',(0.,0.,1.));
#4573=DIRECTION('center_axis',(1.,0.,0.));
#4574=DIRECTION('ref_axis',(0.,0.,-1.));
#4575=DIRECTION('',(0.,1.,0.));
#4576=DIRECTION('',(0.,0.,-1.));
#4577=DIRECTION('center_axis',(-1.,0.,0.));
#4578=DIRECTION('ref_axis',(0.,0.,1.));
#4579=DIRECTION('',(0.,0.,-1.));
#4580=DIRECTION('',(0.,0.,1.));
#4581=DIRECTION('',(0.,1.,0.));
#4582=DIRECTION('center_axis',(0.,1.,0.));
#4583=DIRECTION('ref_axis',(0.,0.,1.));
#4584=DIRECTION('',(-1.,0.,0.));
#4585=DIRECTION('center_axis',(0.,1.,0.));
#4586=DIRECTION('ref_axis',(0.,0.,1.));
#4587=DIRECTION('',(-1.,0.,0.));
#4588=DIRECTION('',(0.,0.,1.));
#4589=DIRECTION('center_axis',(1.,0.,0.));
#4590=DIRECTION('ref_axis',(0.,0.,-1.));
#4591=DIRECTION('',(0.,1.,0.));
#4592=DIRECTION('',(0.,0.,-1.));
#4593=DIRECTION('center_axis',(-1.,0.,0.));
#4594=DIRECTION('ref_axis',(0.,0.,1.));
#4595=DIRECTION('',(0.,0.,-1.));
#4596=DIRECTION('',(0.,0.,1.));
#4597=DIRECTION('',(0.,1.,0.));
#4598=DIRECTION('center_axis',(0.,1.,0.));
#4599=DIRECTION('ref_axis',(0.,0.,1.));
#4600=DIRECTION('',(-1.,0.,0.));
#4601=DIRECTION('center_axis',(0.,1.,0.));
#4602=DIRECTION('ref_axis',(0.,0.,1.));
#4603=DIRECTION('',(-1.,0.,0.));
#4604=DIRECTION('',(0.,0.,1.));
#4605=DIRECTION('center_axis',(1.,0.,0.));
#4606=DIRECTION('ref_axis',(0.,0.,-1.));
#4607=DIRECTION('',(0.,1.,0.));
#4608=DIRECTION('',(0.,0.,-1.));
#4609=DIRECTION('center_axis',(-1.,0.,0.));
#4610=DIRECTION('ref_axis',(0.,0.,1.));
#4611=DIRECTION('',(0.,0.,-1.));
#4612=DIRECTION('',(0.,0.,1.));
#4613=DIRECTION('',(0.,1.,0.));
#4614=DIRECTION('center_axis',(0.,1.,0.));
#4615=DIRECTION('ref_axis',(0.,0.,1.));
#4616=DIRECTION('',(-1.,0.,0.));
#4617=DIRECTION('center_axis',(0.,1.,0.));
#4618=DIRECTION('ref_axis',(0.,0.,1.));
#4619=DIRECTION('',(-1.,0.,0.));
#4620=DIRECTION('',(0.,0.,1.));
#4621=DIRECTION('center_axis',(1.,0.,0.));
#4622=DIRECTION('ref_axis',(0.,0.,-1.));
#4623=DIRECTION('',(0.,0.,1.));
#4624=DIRECTION('',(0.,0.,-1.));
#4625=DIRECTION('center_axis',(-1.,0.,0.));
#4626=DIRECTION('ref_axis',(0.,0.,1.));
#4627=DIRECTION('',(0.,0.,1.));
#4628=DIRECTION('',(0.,0.,-1.));
#4629=DIRECTION('center_axis',(0.,1.,0.));
#4630=DIRECTION('ref_axis',(0.,0.,1.));
#4631=DIRECTION('center_axis',(1.,0.,0.));
#4632=DIRECTION('ref_axis',(0.,0.,-1.));
#4633=DIRECTION('',(0.,0.,1.));
#4634=DIRECTION('',(0.,1.,0.));
#4635=DIRECTION('',(0.,0.,-1.));
#4636=DIRECTION('center_axis',(-1.,0.,0.));
#4637=DIRECTION('ref_axis',(0.,0.,1.));
#4638=DIRECTION('',(0.,0.,-1.));
#4639=DIRECTION('',(0.,0.,1.));
#4640=DIRECTION('',(0.,1.,0.));
#4641=DIRECTION('center_axis',(0.,1.,0.));
#4642=DIRECTION('ref_axis',(0.,0.,1.));
#4643=DIRECTION('',(-1.,0.,0.));
#4644=DIRECTION('center_axis',(0.,1.,0.));
#4645=DIRECTION('ref_axis',(0.,0.,1.));
#4646=DIRECTION('',(-1.,0.,0.));
#4647=DIRECTION('',(0.,0.,1.));
#4648=DIRECTION('center_axis',(1.,0.,0.));
#4649=DIRECTION('ref_axis',(0.,0.,-1.));
#4650=DIRECTION('',(0.,0.,1.));
#4651=DIRECTION('',(0.,1.,0.));
#4652=DIRECTION('',(0.,0.,-1.));
#4653=DIRECTION('center_axis',(-1.,0.,0.));
#4654=DIRECTION('ref_axis',(0.,0.,1.));
#4655=DIRECTION('',(0.,0.,1.));
#4656=DIRECTION('',(0.,1.,0.));
#4657=DIRECTION('center_axis',(0.,1.,0.));
#4658=DIRECTION('ref_axis',(0.,0.,1.));
#4659=DIRECTION('',(-1.,0.,0.));
#4660=DIRECTION('center_axis',(1.,0.,0.));
#4661=DIRECTION('ref_axis',(0.,0.,-1.));
#4662=DIRECTION('',(0.,0.,1.));
#4663=DIRECTION('',(0.,1.,0.));
#4664=DIRECTION('',(0.,0.,-1.));
#4665=DIRECTION('center_axis',(-1.,0.,0.));
#4666=DIRECTION('ref_axis',(0.,0.,1.));
#4667=DIRECTION('',(0.,0.,-1.));
#4668=DIRECTION('',(0.,0.,1.));
#4669=DIRECTION('',(0.,1.,0.));
#4670=DIRECTION('center_axis',(0.,1.,0.));
#4671=DIRECTION('ref_axis',(0.,0.,1.));
#4672=DIRECTION('',(-1.,0.,0.));
#4673=DIRECTION('center_axis',(0.,1.,0.));
#4674=DIRECTION('ref_axis',(0.,0.,1.));
#4675=DIRECTION('',(-1.,0.,0.));
#4676=DIRECTION('',(0.,0.,-1.));
#4677=DIRECTION('',(0.,0.,1.));
#4678=DIRECTION('center_axis',(1.,0.,0.));
#4679=DIRECTION('ref_axis',(0.,0.,-1.));
#4680=DIRECTION('',(0.,0.,1.));
#4681=DIRECTION('',(0.,1.,0.));
#4682=DIRECTION('',(0.,0.,-1.));
#4683=DIRECTION('center_axis',(-1.,0.,0.));
#4684=DIRECTION('ref_axis',(0.,0.,1.));
#4685=DIRECTION('',(0.,0.,-1.));
#4686=DIRECTION('',(0.,0.,1.));
#4687=DIRECTION('',(0.,1.,0.));
#4688=DIRECTION('center_axis',(0.,1.,0.));
#4689=DIRECTION('ref_axis',(0.,0.,1.));
#4690=DIRECTION('',(-1.,0.,0.));
#4691=DIRECTION('center_axis',(0.,1.,0.));
#4692=DIRECTION('ref_axis',(0.,0.,1.));
#4693=DIRECTION('',(-1.,0.,0.));
#4694=DIRECTION('center_axis',(1.,0.,0.));
#4695=DIRECTION('ref_axis',(0.,0.,-1.));
#4696=DIRECTION('',(0.,0.,1.));
#4697=DIRECTION('',(0.,1.,0.));
#4698=DIRECTION('',(0.,0.,-1.));
#4699=DIRECTION('center_axis',(-1.,0.,0.));
#4700=DIRECTION('ref_axis',(0.,0.,1.));
#4701=DIRECTION('',(0.,0.,-1.));
#4702=DIRECTION('',(0.,0.,1.));
#4703=DIRECTION('',(0.,1.,0.));
#4704=DIRECTION('center_axis',(0.,1.,0.));
#4705=DIRECTION('ref_axis',(0.,0.,1.));
#4706=DIRECTION('',(-1.,0.,0.));
#4707=DIRECTION('center_axis',(0.,1.,0.));
#4708=DIRECTION('ref_axis',(0.,0.,1.));
#4709=DIRECTION('',(-1.,0.,0.));
#4710=DIRECTION('center_axis',(1.,0.,0.));
#4711=DIRECTION('ref_axis',(0.,0.,-1.));
#4712=DIRECTION('',(0.,0.,1.));
#4713=DIRECTION('',(0.,1.,0.));
#4714=DIRECTION('',(0.,0.,-1.));
#4715=DIRECTION('center_axis',(-1.,0.,0.));
#4716=DIRECTION('ref_axis',(0.,0.,1.));
#4717=DIRECTION('',(0.,0.,-1.));
#4718=DIRECTION('',(0.,0.,1.));
#4719=DIRECTION('',(0.,1.,0.));
#4720=DIRECTION('center_axis',(0.,1.,0.));
#4721=DIRECTION('ref_axis',(0.,0.,1.));
#4722=DIRECTION('',(-1.,0.,0.));
#4723=DIRECTION('center_axis',(0.,1.,0.));
#4724=DIRECTION('ref_axis',(0.,0.,1.));
#4725=DIRECTION('',(-1.,0.,0.));
#4726=DIRECTION('center_axis',(1.,0.,0.));
#4727=DIRECTION('ref_axis',(0.,0.,-1.));
#4728=DIRECTION('',(0.,0.,1.));
#4729=DIRECTION('',(0.,1.,0.));
#4730=DIRECTION('',(0.,0.,-1.));
#4731=DIRECTION('center_axis',(-1.,0.,0.));
#4732=DIRECTION('ref_axis',(0.,0.,1.));
#4733=DIRECTION('',(0.,0.,-1.));
#4734=DIRECTION('',(0.,0.,1.));
#4735=DIRECTION('',(0.,1.,0.));
#4736=DIRECTION('center_axis',(0.,1.,0.));
#4737=DIRECTION('ref_axis',(0.,0.,1.));
#4738=DIRECTION('',(-1.,0.,0.));
#4739=DIRECTION('center_axis',(0.,1.,0.));
#4740=DIRECTION('ref_axis',(0.,0.,1.));
#4741=DIRECTION('',(-1.,0.,0.));
#4742=DIRECTION('center_axis',(1.,0.,0.));
#4743=DIRECTION('ref_axis',(0.,0.,-1.));
#4744=DIRECTION('',(0.,0.,1.));
#4745=DIRECTION('',(0.,1.,0.));
#4746=DIRECTION('',(0.,0.,-1.));
#4747=DIRECTION('center_axis',(-1.,0.,0.));
#4748=DIRECTION('ref_axis',(0.,0.,1.));
#4749=DIRECTION('',(0.,0.,-1.));
#4750=DIRECTION('',(0.,0.,1.));
#4751=DIRECTION('',(0.,1.,0.));
#4752=DIRECTION('center_axis',(0.,1.,0.));
#4753=DIRECTION('ref_axis',(0.,0.,1.));
#4754=DIRECTION('',(-1.,0.,0.));
#4755=DIRECTION('center_axis',(0.,1.,0.));
#4756=DIRECTION('ref_axis',(0.,0.,1.));
#4757=DIRECTION('',(-1.,0.,0.));
#4758=DIRECTION('center_axis',(1.,0.,0.));
#4759=DIRECTION('ref_axis',(0.,0.,-1.));
#4760=DIRECTION('',(0.,0.,1.));
#4761=DIRECTION('',(0.,1.,0.));
#4762=DIRECTION('',(0.,0.,-1.));
#4763=DIRECTION('center_axis',(-1.,0.,0.));
#4764=DIRECTION('ref_axis',(0.,0.,1.));
#4765=DIRECTION('',(0.,0.,-1.));
#4766=DIRECTION('',(0.,0.,1.));
#4767=DIRECTION('',(0.,1.,0.));
#4768=DIRECTION('center_axis',(0.,1.,0.));
#4769=DIRECTION('ref_axis',(0.,0.,1.));
#4770=DIRECTION('',(-1.,0.,0.));
#4771=DIRECTION('center_axis',(0.,1.,0.));
#4772=DIRECTION('ref_axis',(0.,0.,1.));
#4773=DIRECTION('',(-1.,0.,0.));
#4774=DIRECTION('center_axis',(-1.,0.,0.));
#4775=DIRECTION('ref_axis',(0.,0.,1.));
#4776=DIRECTION('',(0.,0.,-1.));
#4777=DIRECTION('',(0.,0.,1.));
#4778=DIRECTION('',(0.,1.,0.));
#4779=DIRECTION('center_axis',(0.,1.,0.));
#4780=DIRECTION('ref_axis',(0.,0.,1.));
#4781=DIRECTION('',(0.,0.,-1.));
#4782=DIRECTION('',(-1.,0.,0.));
#4783=DIRECTION('center_axis',(0.,1.,0.));
#4784=DIRECTION('ref_axis',(0.,0.,1.));
#4785=DIRECTION('',(-1.,0.,0.));
#4786=DIRECTION('center_axis',(1.,0.,0.));
#4787=DIRECTION('ref_axis',(0.,0.,-1.));
#4788=DIRECTION('',(0.,0.,-1.));
#4789=DIRECTION('center_axis',(-1.,0.,0.));
#4790=DIRECTION('ref_axis',(0.,0.,1.));
#4791=DIRECTION('',(0.,0.,1.));
#4792=DIRECTION('center_axis',(0.,1.,0.));
#4793=DIRECTION('ref_axis',(0.,0.,1.));
#4794=DIRECTION('center_axis',(1.,0.,0.));
#4795=DIRECTION('ref_axis',(0.,0.,-1.));
#4796=DIRECTION('',(0.,1.,0.));
#4797=DIRECTION('',(0.,0.,-1.));
#4798=DIRECTION('center_axis',(-1.,0.,0.));
#4799=DIRECTION('ref_axis',(0.,0.,1.));
#4800=DIRECTION('',(0.,0.,-1.));
#4801=DIRECTION('',(0.,0.,1.));
#4802=DIRECTION('',(0.,1.,0.));
#4803=DIRECTION('center_axis',(0.,1.,0.));
#4804=DIRECTION('ref_axis',(0.,0.,1.));
#4805=DIRECTION('',(-1.,0.,0.));
#4806=DIRECTION('center_axis',(0.,1.,0.));
#4807=DIRECTION('ref_axis',(0.,0.,1.));
#4808=DIRECTION('',(-1.,0.,0.));
#4809=DIRECTION('center_axis',(1.,0.,0.));
#4810=DIRECTION('ref_axis',(0.,0.,-1.));
#4811=DIRECTION('',(0.,1.,0.));
#4812=DIRECTION('',(0.,0.,-1.));
#4813=DIRECTION('center_axis',(-1.,0.,0.));
#4814=DIRECTION('ref_axis',(0.,0.,1.));
#4815=DIRECTION('',(0.,0.,-1.));
#4816=DIRECTION('',(0.,0.,1.));
#4817=DIRECTION('',(0.,1.,0.));
#4818=DIRECTION('center_axis',(0.,1.,0.));
#4819=DIRECTION('ref_axis',(0.,0.,1.));
#4820=DIRECTION('',(-1.,0.,0.));
#4821=DIRECTION('center_axis',(0.,1.,0.));
#4822=DIRECTION('ref_axis',(0.,0.,1.));
#4823=DIRECTION('',(-1.,0.,0.));
#4824=DIRECTION('center_axis',(1.,0.,0.));
#4825=DIRECTION('ref_axis',(0.,0.,-1.));
#4826=DIRECTION('',(0.,1.,0.));
#4827=DIRECTION('',(0.,0.,-1.));
#4828=DIRECTION('center_axis',(-1.,0.,0.));
#4829=DIRECTION('ref_axis',(0.,0.,1.));
#4830=DIRECTION('',(0.,0.,-1.));
#4831=DIRECTION('',(0.,0.,1.));
#4832=DIRECTION('',(0.,1.,0.));
#4833=DIRECTION('center_axis',(0.,1.,0.));
#4834=DIRECTION('ref_axis',(0.,0.,1.));
#4835=DIRECTION('',(-1.,0.,0.));
#4836=DIRECTION('center_axis',(0.,1.,0.));
#4837=DIRECTION('ref_axis',(0.,0.,1.));
#4838=DIRECTION('',(-1.,0.,0.));
#4839=DIRECTION('center_axis',(1.,0.,0.));
#4840=DIRECTION('ref_axis',(0.,0.,-1.));
#4841=DIRECTION('',(0.,1.,0.));
#4842=DIRECTION('',(0.,0.,-1.));
#4843=DIRECTION('center_axis',(-1.,0.,0.));
#4844=DIRECTION('ref_axis',(0.,0.,1.));
#4845=DIRECTION('',(0.,0.,-1.));
#4846=DIRECTION('',(0.,0.,1.));
#4847=DIRECTION('',(0.,1.,0.));
#4848=DIRECTION('center_axis',(0.,1.,0.));
#4849=DIRECTION('ref_axis',(0.,0.,1.));
#4850=DIRECTION('',(-1.,0.,0.));
#4851=DIRECTION('center_axis',(0.,1.,0.));
#4852=DIRECTION('ref_axis',(0.,0.,1.));
#4853=DIRECTION('',(-1.,0.,0.));
#4854=DIRECTION('center_axis',(1.,0.,0.));
#4855=DIRECTION('ref_axis',(0.,0.,-1.));
#4856=DIRECTION('',(0.,1.,0.));
#4857=DIRECTION('',(0.,0.,-1.));
#4858=DIRECTION('center_axis',(-1.,0.,0.));
#4859=DIRECTION('ref_axis',(0.,0.,1.));
#4860=DIRECTION('',(0.,0.,-1.));
#4861=DIRECTION('',(0.,0.,1.));
#4862=DIRECTION('',(0.,1.,0.));
#4863=DIRECTION('center_axis',(0.,1.,0.));
#4864=DIRECTION('ref_axis',(0.,0.,1.));
#4865=DIRECTION('',(-1.,0.,0.));
#4866=DIRECTION('center_axis',(0.,1.,0.));
#4867=DIRECTION('ref_axis',(0.,0.,1.));
#4868=DIRECTION('',(-1.,0.,0.));
#4869=DIRECTION('center_axis',(1.,0.,0.));
#4870=DIRECTION('ref_axis',(0.,0.,-1.));
#4871=DIRECTION('',(0.,1.,0.));
#4872=DIRECTION('',(0.,0.,-1.));
#4873=DIRECTION('center_axis',(-1.,0.,0.));
#4874=DIRECTION('ref_axis',(0.,0.,1.));
#4875=DIRECTION('',(0.,0.,-1.));
#4876=DIRECTION('',(0.,0.,1.));
#4877=DIRECTION('',(0.,1.,0.));
#4878=DIRECTION('center_axis',(0.,1.,0.));
#4879=DIRECTION('ref_axis',(0.,0.,1.));
#4880=DIRECTION('',(-1.,0.,0.));
#4881=DIRECTION('center_axis',(0.,1.,0.));
#4882=DIRECTION('ref_axis',(0.,0.,1.));
#4883=DIRECTION('',(-1.,0.,0.));
#4884=DIRECTION('center_axis',(1.,0.,0.));
#4885=DIRECTION('ref_axis',(0.,0.,-1.));
#4886=DIRECTION('',(0.,0.,-1.));
#4887=DIRECTION('center_axis',(-1.,0.,0.));
#4888=DIRECTION('ref_axis',(0.,0.,1.));
#4889=DIRECTION('',(0.,0.,1.));
#4890=DIRECTION('center_axis',(0.,1.,0.));
#4891=DIRECTION('ref_axis',(0.,0.,1.));
#4892=DIRECTION('center_axis',(1.,0.,0.));
#4893=DIRECTION('ref_axis',(0.,0.,-1.));
#4894=DIRECTION('',(0.,1.,0.));
#4895=DIRECTION('',(0.,0.,-1.));
#4896=DIRECTION('center_axis',(-1.,0.,0.));
#4897=DIRECTION('ref_axis',(0.,0.,1.));
#4898=DIRECTION('',(0.,0.,-1.));
#4899=DIRECTION('',(0.,0.,1.));
#4900=DIRECTION('',(0.,1.,0.));
#4901=DIRECTION('center_axis',(0.,1.,0.));
#4902=DIRECTION('ref_axis',(0.,0.,1.));
#4903=DIRECTION('',(-1.,0.,0.));
#4904=DIRECTION('center_axis',(0.,1.,0.));
#4905=DIRECTION('ref_axis',(0.,0.,1.));
#4906=DIRECTION('',(-1.,0.,0.));
#4907=DIRECTION('center_axis',(1.,0.,0.));
#4908=DIRECTION('ref_axis',(0.,0.,-1.));
#4909=DIRECTION('',(0.,0.,1.));
#4910=DIRECTION('',(0.,1.,0.));
#4911=DIRECTION('center_axis',(-1.,0.,0.));
#4912=DIRECTION('ref_axis',(0.,0.,1.));
#4913=DIRECTION('',(0.,0.,-1.));
#4914=DIRECTION('',(0.,1.,0.));
#4915=DIRECTION('center_axis',(0.,0.,-1.));
#4916=DIRECTION('ref_axis',(-1.,0.,0.));
#4917=DIRECTION('',(1.,0.,0.));
#4918=DIRECTION('center_axis',(0.,1.,0.));
#4919=DIRECTION('ref_axis',(1.,0.,0.));
#4920=DIRECTION('axis',(0.,0.,1.));
#4921=DIRECTION('refdir',(1.,0.,0.));
#4922=DIRECTION('center_axis',(0.,0.,1.));
#4923=DIRECTION('ref_axis',(-1.,0.,0.));
#4924=DIRECTION('center_axis',(-2.98027203775083E-15,0.,1.));
#4925=DIRECTION('ref_axis',(-1.,0.,-2.93098950519643E-15));
#4926=DIRECTION('',(-0.707106781186905,8.65956056235931E-17,-0.70710678118619));
#4927=DIRECTION('center_axis',(2.98027203775083E-15,0.,-1.));
#4928=DIRECTION('ref_axis',(-1.,0.,0.));
#4929=DIRECTION('center_axis',(2.98027203775083E-15,0.,-1.));
#4930=DIRECTION('ref_axis',(-1.,0.,-3.04518315325759E-15));
#4931=DIRECTION('center_axis',(-2.98027203775083E-15,0.,1.));
#4932=DIRECTION('ref_axis',(1.,0.,2.97381167310312E-15));
#4933=DIRECTION('center_axis',(-1.22464679914735E-16,-1.,-3.64978061161992E-31));
#4934=DIRECTION('ref_axis',(1.,-1.22464679914735E-16,3.01346249541116E-15));
#4935=DIRECTION('center_axis',(2.98027203775083E-15,0.,-1.));
#4936=DIRECTION('ref_axis',(1.,0.,2.98027203775083E-15));
#4937=DIRECTION('center_axis',(-2.98027203775083E-15,0.,1.));
#4938=DIRECTION('ref_axis',(1.,0.,2.98027203775083E-15));
#4939=DIRECTION('',(0.,1.,0.));
#4940=DIRECTION('',(0.866025403784439,0.499999999999999,2.58099129488064E-15));
#4941=DIRECTION('',(0.866025403784438,-0.5,2.58099129488064E-15));
#4942=DIRECTION('',(-1.60246890531964E-16,-1.,-4.7757932698893E-31));
#4943=DIRECTION('',(-0.866025403784439,-0.5,-2.58099129488064E-15));
#4944=DIRECTION('',(-0.866025403784438,0.5,-2.58099129488064E-15));
#4945=DIRECTION('center_axis',(2.98027203775083E-15,0.,-1.));
#4946=DIRECTION('ref_axis',(-1.,0.,-2.93098950519643E-15));
#4947=DIRECTION('center_axis',(2.98027203775083E-15,0.,-1.));
#4948=DIRECTION('ref_axis',(1.,0.,2.98027203775083E-15));
#4949=DIRECTION('',(-2.98027203775083E-15,0.,1.));
#4950=DIRECTION('center_axis',(-0.0871557427476581,0.,-0.996194698091746));
#4951=DIRECTION('ref_axis',(0.,1.,0.));
#4952=DIRECTION('',(0.863550259614423,-0.498570974847159,-0.0755508581011305));
#4953=DIRECTION('',(0.,1.,0.));
#4954=DIRECTION('',(0.863550259614423,0.498570974847158,-0.0755508581011305));
#4955=DIRECTION('center_axis',(-0.0435778713738291,-0.0754790873051733,
-0.996194698091746));
#4956=DIRECTION('ref_axis',(-0.866025403784438,0.5,0.));
#4957=DIRECTION('',(-0.866025403784438,0.5,0.));
#4958=DIRECTION('',(4.78143493748744E-16,0.997141949694316,-0.0755508581011305));
#4959=DIRECTION('center_axis',(0.043577871373829,-0.0754790873051733,-0.996194698091746));
#4960=DIRECTION('ref_axis',(-0.866025403784439,-0.5,0.));
#4961=DIRECTION('',(-0.866025403784439,-0.5,0.));
#4962=DIRECTION('',(-0.863550259614423,0.498570974847159,-0.0755508581011305));
#4963=DIRECTION('center_axis',(0.0871557427476581,-1.3966436767316E-17,
-0.996194698091746));
#4964=DIRECTION('ref_axis',(-1.60246890531964E-16,-1.,0.));
#4965=DIRECTION('',(-1.60246890531964E-16,-1.,0.));
#4966=DIRECTION('',(-0.863550259614423,-0.498570974847158,-0.0755508581011305));
#4967=DIRECTION('center_axis',(0.0435778713738291,0.0754790873051733,-0.996194698091746));
#4968=DIRECTION('ref_axis',(0.866025403784438,-0.5,0.));
#4969=DIRECTION('',(0.866025403784438,-0.5,0.));
#4970=DIRECTION('',(-1.59381164582915E-16,-0.997141949694316,-0.0755508581011305));
#4971=DIRECTION('center_axis',(-0.043577871373829,0.0754790873051733,-0.996194698091746));
#4972=DIRECTION('ref_axis',(0.866025403784439,0.499999999999999,0.));
#4973=DIRECTION('',(0.866025403784439,0.499999999999999,0.));
#4974=DIRECTION('center_axis',(-1.,0.,0.));
#4975=DIRECTION('ref_axis',(0.,1.,0.));
#4976=DIRECTION('',(0.,0.,-1.));
#4977=DIRECTION('',(0.,0.,-1.));
#4978=DIRECTION('center_axis',(-0.5,-0.866025403784438,0.));
#4979=DIRECTION('ref_axis',(-0.866025403784438,0.5,0.));
#4980=DIRECTION('',(0.,0.,-1.));
#4981=DIRECTION('center_axis',(0.5,-0.866025403784439,0.));
#4982=DIRECTION('ref_axis',(-0.866025403784439,-0.5,0.));
#4983=DIRECTION('',(0.,0.,-1.));
#4984=DIRECTION('center_axis',(1.,-1.60246890531964E-16,0.));
#4985=DIRECTION('ref_axis',(-1.60246890531964E-16,-1.,0.));
#4986=DIRECTION('',(0.,0.,-1.));
#4987=DIRECTION('center_axis',(0.5,0.866025403784438,0.));
#4988=DIRECTION('ref_axis',(0.866025403784438,-0.5,0.));
#4989=DIRECTION('',(0.,0.,-1.));
#4990=DIRECTION('center_axis',(-0.5,0.866025403784439,0.));
#4991=DIRECTION('ref_axis',(0.866025403784439,0.499999999999999,0.));
#4992=DIRECTION('center_axis',(2.98027203775083E-15,0.,-1.));
#4993=DIRECTION('ref_axis',(-1.,0.,-2.93098950519643E-15));
#4994=DIRECTION('',(-2.98027203775083E-15,0.,1.));
#4995=DIRECTION('center_axis',(-2.98027203775083E-15,0.,1.));
#4996=DIRECTION('ref_axis',(-1.,0.,-2.93098950519643E-15));
#4997=DIRECTION('center_axis',(2.98027203775083E-15,0.,-1.));
#4998=DIRECTION('ref_axis',(-1.,0.,-2.98027203775083E-15));
#4999=DIRECTION('center_axis',(2.98027203775083E-15,0.,-1.));
#5000=DIRECTION('ref_axis',(-1.,0.,-2.98027203775083E-15));
#5001=DIRECTION('',(2.98027203775083E-15,1.,0.));
#5002=DIRECTION('',(1.,-2.98027203775083E-15,0.));
#5003=DIRECTION('',(0.,0.,1.));
#5004=DIRECTION('',(1.,0.,0.));
#5005=DIRECTION('',(2.98027203775083E-15,1.,0.));
#5006=DIRECTION('',(1.,-2.98027203775083E-15,0.));
#5007=DIRECTION('',(2.98027203775083E-15,1.,0.));
#5008=DIRECTION('',(1.,-2.98027203775083E-15,0.));
#5009=DIRECTION('',(2.98027203775083E-15,1.,0.));
#5010=DIRECTION('',(1.,-2.98027203775083E-15,0.));
#5011=CARTESIAN_POINT('',(0.,0.,0.));
#5012=CARTESIAN_POINT('',(0.,0.,0.));
#5013=CARTESIAN_POINT('Origin',(-28.,-5.,47.));
#5014=CARTESIAN_POINT('',(-28.,5.,44.75));
#5015=CARTESIAN_POINT('Origin',(-28.,5.,47.));
#5016=CARTESIAN_POINT('',(-28.,0.,44.75));
#5017=CARTESIAN_POINT('',(-28.,-5.,44.75));
#5018=CARTESIAN_POINT('Origin',(-28.,0.,47.));
#5019=CARTESIAN_POINT('Origin',(28.,-5.,-47.));
#5020=CARTESIAN_POINT('',(28.,5.,-49.25));
#5021=CARTESIAN_POINT('Origin',(28.,5.,-47.));
#5022=CARTESIAN_POINT('',(28.,0.,-49.25));
#5023=CARTESIAN_POINT('',(28.,-5.,-49.25));
#5024=CARTESIAN_POINT('Origin',(28.,0.,-47.));
#5025=CARTESIAN_POINT('Origin',(-28.,-5.,-47.));
#5026=CARTESIAN_POINT('',(-28.,5.,-49.25));
#5027=CARTESIAN_POINT('Origin',(-28.,5.,-47.));
#5028=CARTESIAN_POINT('',(-28.,0.,-49.25));
#5029=CARTESIAN_POINT('',(-28.,-5.,-49.25));
#5030=CARTESIAN_POINT('Origin',(-28.,0.,-47.));
#5031=CARTESIAN_POINT('Origin',(28.,-5.,47.));
#5032=CARTESIAN_POINT('',(28.,5.,44.75));
#5033=CARTESIAN_POINT('Origin',(28.,5.,47.));
#5034=CARTESIAN_POINT('',(28.,0.,44.75));
#5035=CARTESIAN_POINT('',(28.,-5.,44.75));
#5036=CARTESIAN_POINT('Origin',(28.,0.,47.));
#5037=CARTESIAN_POINT('Origin',(-23.,5.,42.));
#5038=CARTESIAN_POINT('',(-29.8076923076923,5.,42.));
#5039=CARTESIAN_POINT('',(-29.8076923076923,63.,42.));
#5040=CARTESIAN_POINT('',(-29.8076923076923,5.,42.));
#5041=CARTESIAN_POINT('',(-29.3076923076923,5.,42.));
#5042=CARTESIAN_POINT('',(-23.,5.,42.));
#5043=CARTESIAN_POINT('',(-29.3076923076923,63.,42.));
#5044=CARTESIAN_POINT('',(-29.3076923076923,5.,42.));
#5045=CARTESIAN_POINT('',(-26.2788461538462,63.,42.));
#5046=CARTESIAN_POINT('Origin',(-23.,5.,42.));
#5047=CARTESIAN_POINT('',(-27.2692307692308,63.,42.));
#5048=CARTESIAN_POINT('',(-27.2692307692308,5.,42.));
#5049=CARTESIAN_POINT('',(-27.2692307692308,5.,42.));
#5050=CARTESIAN_POINT('',(-27.7692307692308,63.,42.));
#5051=CARTESIAN_POINT('',(-25.2596153846154,63.,42.));
#5052=CARTESIAN_POINT('',(-27.7692307692308,5.,42.));
#5053=CARTESIAN_POINT('',(-27.7692307692308,5.,42.));
#5054=CARTESIAN_POINT('',(-23.,5.,42.));
#5055=CARTESIAN_POINT('Origin',(-23.,5.,42.));
#5056=CARTESIAN_POINT('',(-31.8461538461538,5.,42.));
#5057=CARTESIAN_POINT('',(-31.8461538461538,63.,42.));
#5058=CARTESIAN_POINT('',(-31.8461538461538,5.,42.));
#5059=CARTESIAN_POINT('',(-31.3461538461539,5.,42.));
#5060=CARTESIAN_POINT('',(-23.,5.,42.));
#5061=CARTESIAN_POINT('',(-31.3461538461539,63.,42.));
#5062=CARTESIAN_POINT('',(-31.3461538461539,5.,42.));
#5063=CARTESIAN_POINT('',(-27.2980769230769,63.,42.));
#5064=CARTESIAN_POINT('Origin',(-23.,5.,42.));
#5065=CARTESIAN_POINT('',(-25.2307692307692,63.,42.));
#5066=CARTESIAN_POINT('',(-25.2307692307692,5.,42.));
#5067=CARTESIAN_POINT('',(-25.2307692307692,5.,42.));
#5068=CARTESIAN_POINT('',(-25.7307692307692,63.,42.));
#5069=CARTESIAN_POINT('',(-24.2403846153846,63.,42.));
#5070=CARTESIAN_POINT('',(-25.7307692307692,5.,42.));
#5071=CARTESIAN_POINT('',(-25.7307692307692,5.,42.));
#5072=CARTESIAN_POINT('',(-23.,5.,42.));
#5073=CARTESIAN_POINT('Origin',(-23.,5.,42.));
#5074=CARTESIAN_POINT('',(-23.1923076923077,63.,42.));
#5075=CARTESIAN_POINT('',(-23.1923076923077,5.,42.));
#5076=CARTESIAN_POINT('',(-23.1923076923077,5.,42.));
#5077=CARTESIAN_POINT('',(-23.6923076923077,63.,42.));
#5078=CARTESIAN_POINT('',(-23.2211538461539,63.,42.));
#5079=CARTESIAN_POINT('',(-23.6923076923077,5.,42.));
#5080=CARTESIAN_POINT('',(-23.6923076923077,5.,42.));
#5081=CARTESIAN_POINT('',(-23.,5.,42.));
#5082=CARTESIAN_POINT('Origin',(-33.,5.,-42.));
#5083=CARTESIAN_POINT('',(-25.2307692307692,5.,-42.));
#5084=CARTESIAN_POINT('',(-25.2307692307692,63.,-42.));
#5085=CARTESIAN_POINT('',(-25.2307692307692,5.,-42.));
#5086=CARTESIAN_POINT('',(-25.7307692307692,5.,-42.));
#5087=CARTESIAN_POINT('',(-23.,5.,-42.));
#5088=CARTESIAN_POINT('',(-25.7307692307692,63.,-42.));
#5089=CARTESIAN_POINT('',(-25.7307692307692,5.,-42.));
#5090=CARTESIAN_POINT('',(-29.2403846153846,63.,-42.));
#5091=CARTESIAN_POINT('Origin',(-33.,5.,-42.));
#5092=CARTESIAN_POINT('',(-27.2692307692308,5.,-42.));
#5093=CARTESIAN_POINT('',(-27.2692307692308,63.,-42.));
#5094=CARTESIAN_POINT('',(-27.2692307692308,5.,-42.));
#5095=CARTESIAN_POINT('',(-27.7692307692308,5.,-42.));
#5096=CARTESIAN_POINT('',(-23.,5.,-42.));
#5097=CARTESIAN_POINT('',(-27.7692307692308,63.,-42.));
#5098=CARTESIAN_POINT('',(-27.7692307692308,5.,-42.));
#5099=CARTESIAN_POINT('',(-30.2596153846154,63.,-42.));
#5100=CARTESIAN_POINT('Origin',(-33.,5.,-42.));
#5101=CARTESIAN_POINT('',(-29.8076923076923,63.,-42.));
#5102=CARTESIAN_POINT('',(-29.8076923076923,5.,-42.));
#5103=CARTESIAN_POINT('',(-29.8076923076923,5.,-42.));
#5104=CARTESIAN_POINT('',(-29.3076923076923,63.,-42.));
#5105=CARTESIAN_POINT('',(-31.2788461538462,63.,-42.));
#5106=CARTESIAN_POINT('',(-29.3076923076923,5.,-42.));
#5107=CARTESIAN_POINT('',(-29.3076923076923,5.,-42.));
#5108=CARTESIAN_POINT('',(-23.,5.,-42.));
#5109=CARTESIAN_POINT('Origin',(-33.,5.,-42.));
#5110=CARTESIAN_POINT('',(-31.8461538461538,63.,-42.));
#5111=CARTESIAN_POINT('',(-31.8461538461538,5.,-42.));
#5112=CARTESIAN_POINT('',(-31.8461538461538,5.,-42.));
#5113=CARTESIAN_POINT('',(-31.3461538461539,63.,-42.));
#5114=CARTESIAN_POINT('',(-32.2980769230769,63.,-42.));
#5115=CARTESIAN_POINT('',(-31.3461538461539,5.,-42.));
#5116=CARTESIAN_POINT('',(-31.3461538461539,5.,-42.));
#5117=CARTESIAN_POINT('',(-23.,5.,-42.));
#5118=CARTESIAN_POINT('Origin',(-33.,5.,-42.));
#5119=CARTESIAN_POINT('',(-23.1923076923077,5.,-42.));
#5120=CARTESIAN_POINT('',(-23.1923076923077,63.,-42.));
#5121=CARTESIAN_POINT('',(-23.1923076923077,5.,-42.));
#5122=CARTESIAN_POINT('',(-23.6923076923077,5.,-42.));
#5123=CARTESIAN_POINT('',(-23.,5.,-42.));
#5124=CARTESIAN_POINT('',(-23.6923076923077,63.,-42.));
#5125=CARTESIAN_POINT('',(-23.6923076923077,5.,-42.));
#5126=CARTESIAN_POINT('',(-28.2211538461539,63.,-42.));
#5127=CARTESIAN_POINT('Origin',(33.,5.,42.));
#5128=CARTESIAN_POINT('',(25.2307692307692,5.,42.));
#5129=CARTESIAN_POINT('',(25.2307692307692,63.,42.));
#5130=CARTESIAN_POINT('',(25.2307692307692,5.,42.));
#5131=CARTESIAN_POINT('',(25.7307692307692,5.,42.));
#5132=CARTESIAN_POINT('',(23.,5.,42.));
#5133=CARTESIAN_POINT('',(25.7307692307692,63.,42.));
#5134=CARTESIAN_POINT('',(25.7307692307692,5.,42.));
#5135=CARTESIAN_POINT('',(29.2403846153846,63.,42.));
#5136=CARTESIAN_POINT('Origin',(33.,5.,42.));
#5137=CARTESIAN_POINT('',(27.2692307692308,5.,42.));
#5138=CARTESIAN_POINT('',(27.2692307692308,63.,42.));
#5139=CARTESIAN_POINT('',(27.2692307692308,5.,42.));
#5140=CARTESIAN_POINT('',(27.7692307692308,5.,42.));
#5141=CARTESIAN_POINT('',(23.,5.,42.));
#5142=CARTESIAN_POINT('',(27.7692307692308,63.,42.));
#5143=CARTESIAN_POINT('',(27.7692307692308,5.,42.));
#5144=CARTESIAN_POINT('',(30.2596153846154,63.,42.));
#5145=CARTESIAN_POINT('Origin',(33.,5.,42.));
#5146=CARTESIAN_POINT('',(29.8076923076923,63.,42.));
#5147=CARTESIAN_POINT('',(29.8076923076923,5.,42.));
#5148=CARTESIAN_POINT('',(29.8076923076923,5.,42.));
#5149=CARTESIAN_POINT('',(29.3076923076923,63.,42.));
#5150=CARTESIAN_POINT('',(31.2788461538462,63.,42.));
#5151=CARTESIAN_POINT('',(29.3076923076923,5.,42.));
#5152=CARTESIAN_POINT('',(29.3076923076923,5.,42.));
#5153=CARTESIAN_POINT('',(23.,5.,42.));
#5154=CARTESIAN_POINT('Origin',(33.,5.,42.));
#5155=CARTESIAN_POINT('',(31.8461538461538,63.,42.));
#5156=CARTESIAN_POINT('',(31.8461538461538,5.,42.));
#5157=CARTESIAN_POINT('',(31.8461538461538,5.,42.));
#5158=CARTESIAN_POINT('',(31.3461538461538,63.,42.));
#5159=CARTESIAN_POINT('',(32.2980769230769,63.,42.));
#5160=CARTESIAN_POINT('',(31.3461538461538,5.,42.));
#5161=CARTESIAN_POINT('',(31.3461538461538,5.,42.));
#5162=CARTESIAN_POINT('',(23.,5.,42.));
#5163=CARTESIAN_POINT('Origin',(33.,5.,42.));
#5164=CARTESIAN_POINT('',(23.1923076923077,5.,42.));
#5165=CARTESIAN_POINT('',(23.1923076923077,63.,42.));
#5166=CARTESIAN_POINT('',(23.1923076923077,5.,42.));
#5167=CARTESIAN_POINT('',(23.6923076923077,5.,42.));
#5168=CARTESIAN_POINT('',(23.,5.,42.));
#5169=CARTESIAN_POINT('',(23.6923076923077,63.,42.));
#5170=CARTESIAN_POINT('',(23.6923076923077,5.,42.));
#5171=CARTESIAN_POINT('',(28.2211538461538,63.,42.));
#5172=CARTESIAN_POINT('Origin',(23.,5.,-42.));
#5173=CARTESIAN_POINT('',(31.8461538461538,5.,-42.));
#5174=CARTESIAN_POINT('',(31.8461538461538,63.,-42.));
#5175=CARTESIAN_POINT('',(31.8461538461538,5.,-42.));
#5176=CARTESIAN_POINT('',(31.3461538461538,5.,-42.));
#5177=CARTESIAN_POINT('',(23.,5.,-42.));
#5178=CARTESIAN_POINT('',(31.3461538461538,63.,-42.));
#5179=CARTESIAN_POINT('',(31.3461538461538,5.,-42.));
#5180=CARTESIAN_POINT('',(27.2980769230769,63.,-42.));
#5181=CARTESIAN_POINT('Origin',(23.,5.,-42.));
#5182=CARTESIAN_POINT('',(29.3076923076923,63.,-42.));
#5183=CARTESIAN_POINT('',(29.3076923076923,5.,-42.));
#5184=CARTESIAN_POINT('',(29.3076923076923,5.,-42.));
#5185=CARTESIAN_POINT('',(29.8076923076923,63.,-42.));
#5186=CARTESIAN_POINT('',(26.2788461538462,63.,-42.));
#5187=CARTESIAN_POINT('',(29.8076923076923,5.,-42.));
#5188=CARTESIAN_POINT('',(29.8076923076923,5.,-42.));
#5189=CARTESIAN_POINT('',(23.,5.,-42.));
#5190=CARTESIAN_POINT('Origin',(23.,5.,-42.));
#5191=CARTESIAN_POINT('',(27.2692307692308,63.,-42.));
#5192=CARTESIAN_POINT('',(27.2692307692308,5.,-42.));
#5193=CARTESIAN_POINT('',(27.2692307692308,5.,-42.));
#5194=CARTESIAN_POINT('',(27.7692307692308,63.,-42.));
#5195=CARTESIAN_POINT('',(25.2596153846154,63.,-42.));
#5196=CARTESIAN_POINT('',(27.7692307692308,5.,-42.));
#5197=CARTESIAN_POINT('',(27.7692307692308,5.,-42.));
#5198=CARTESIAN_POINT('',(23.,5.,-42.));
#5199=CARTESIAN_POINT('Origin',(23.,5.,-42.));
#5200=CARTESIAN_POINT('',(25.2307692307692,63.,-42.));
#5201=CARTESIAN_POINT('',(25.2307692307692,5.,-42.));
#5202=CARTESIAN_POINT('',(25.2307692307692,5.,-42.));
#5203=CARTESIAN_POINT('',(25.7307692307692,63.,-42.));
#5204=CARTESIAN_POINT('',(24.2403846153846,63.,-42.));
#5205=CARTESIAN_POINT('',(25.7307692307692,5.,-42.));
#5206=CARTESIAN_POINT('',(25.7307692307692,5.,-42.));
#5207=CARTESIAN_POINT('',(23.,5.,-42.));
#5208=CARTESIAN_POINT('Origin',(23.,5.,-42.));
#5209=CARTESIAN_POINT('',(23.1923076923077,63.,-42.));
#5210=CARTESIAN_POINT('',(23.1923076923077,5.,-42.));
#5211=CARTESIAN_POINT('',(23.1923076923077,5.,-42.));
#5212=CARTESIAN_POINT('',(23.6923076923077,63.,-42.));
#5213=CARTESIAN_POINT('',(23.2211538461538,63.,-42.));
#5214=CARTESIAN_POINT('',(23.6923076923077,5.,-42.));
#5215=CARTESIAN_POINT('',(23.6923076923077,5.,-42.));
#5216=CARTESIAN_POINT('',(23.,5.,-42.));
#5217=CARTESIAN_POINT('Origin',(-31.8461538461538,5.,-53.5));
#5218=CARTESIAN_POINT('',(-31.8461538461538,63.,-53.5));
#5219=CARTESIAN_POINT('',(-31.8461538461538,5.,-26.75));
#5220=CARTESIAN_POINT('Origin',(-31.5961538461539,63.,0.));
#5221=CARTESIAN_POINT('',(-31.3461538461539,63.,-53.5));
#5222=CARTESIAN_POINT('Origin',(-31.3461538461539,5.,53.5));
#5223=CARTESIAN_POINT('',(-31.3461538461539,5.,26.75));
#5224=CARTESIAN_POINT('Origin',(-29.8076923076923,5.,-53.5));
#5225=CARTESIAN_POINT('',(-29.8076923076923,63.,-53.5));
#5226=CARTESIAN_POINT('',(-29.8076923076923,5.,-26.75));
#5227=CARTESIAN_POINT('Origin',(-29.5576923076923,63.,0.));
#5228=CARTESIAN_POINT('',(-29.3076923076923,63.,-53.5));
#5229=CARTESIAN_POINT('Origin',(-29.3076923076923,5.,53.5));
#5230=CARTESIAN_POINT('',(-29.3076923076923,5.,26.75));
#5231=CARTESIAN_POINT('Origin',(-40.,0.,53.5));
#5232=CARTESIAN_POINT('',(-33.3846153846154,5.,53.5));
#5233=CARTESIAN_POINT('',(-21.6538461538462,5.,53.5));
#5234=CARTESIAN_POINT('',(40.,5.,53.5));
#5235=CARTESIAN_POINT('',(-33.3846153846154,63.,53.5));
#5236=CARTESIAN_POINT('',(-33.3846153846154,5.,53.5));
#5237=CARTESIAN_POINT('',(-33.8846153846154,63.,53.5));
#5238=CARTESIAN_POINT('',(-33.3846153846154,63.,53.5));
#5239=CARTESIAN_POINT('',(-33.8846153846154,5.,53.5));
#5240=CARTESIAN_POINT('',(-33.8846153846154,5.,53.5));
#5241=CARTESIAN_POINT('',(-35.4230769230769,5.,53.5));
#5242=CARTESIAN_POINT('',(40.,5.,53.5));
#5243=CARTESIAN_POINT('',(-35.4230769230769,63.,53.5));
#5244=CARTESIAN_POINT('',(-35.4230769230769,5.,53.5));
#5245=CARTESIAN_POINT('',(-35.9230769230769,63.,53.5));
#5246=CARTESIAN_POINT('',(-35.4230769230769,63.,53.5));
#5247=CARTESIAN_POINT('',(-35.9230769230769,5.,53.5));
#5248=CARTESIAN_POINT('',(-35.9230769230769,5.,53.5));
#5249=CARTESIAN_POINT('',(-37.4615384615385,5.,53.5));
#5250=CARTESIAN_POINT('',(40.,5.,53.5));
#5251=CARTESIAN_POINT('',(-37.4615384615385,63.,53.5));
#5252=CARTESIAN_POINT('',(-37.4615384615385,5.,53.5));
#5253=CARTESIAN_POINT('',(-37.9615384615385,63.,53.5));
#5254=CARTESIAN_POINT('',(-37.4615384615385,63.,53.5));
#5255=CARTESIAN_POINT('',(-37.9615384615385,5.,53.5));
#5256=CARTESIAN_POINT('',(-37.9615384615385,5.,53.5));
#5257=CARTESIAN_POINT('',(-39.5,5.,53.5));
#5258=CARTESIAN_POINT('',(40.,5.,53.5));
#5259=CARTESIAN_POINT('',(-39.5,63.,53.5));
#5260=CARTESIAN_POINT('',(-39.5,5.,53.5));
#5261=CARTESIAN_POINT('',(-40.,63.,53.5));
#5262=CARTESIAN_POINT('',(-39.5,63.,53.5));
#5263=CARTESIAN_POINT('',(-40.,0.,53.5));
#5264=CARTESIAN_POINT('',(-40.,0.,53.5));
#5265=CARTESIAN_POINT('',(40.,0.,53.5));
#5266=CARTESIAN_POINT('',(40.,0.,53.5));
#5267=CARTESIAN_POINT('',(40.,63.,53.5));
#5268=CARTESIAN_POINT('',(40.,0.,53.5));
#5269=CARTESIAN_POINT('',(39.5,63.,53.5));
#5270=CARTESIAN_POINT('',(40.,63.,53.5));
#5271=CARTESIAN_POINT('',(39.5,5.,53.5));
#5272=CARTESIAN_POINT('',(39.5,5.,53.5));
#5273=CARTESIAN_POINT('',(37.9615384615385,5.,53.5));
#5274=CARTESIAN_POINT('',(40.,5.,53.5));
#5275=CARTESIAN_POINT('',(37.9615384615385,63.,53.5));
#5276=CARTESIAN_POINT('',(37.9615384615385,5.,53.5));
#5277=CARTESIAN_POINT('',(37.4615384615385,63.,53.5));
#5278=CARTESIAN_POINT('',(37.9615384615385,63.,53.5));
#5279=CARTESIAN_POINT('',(37.4615384615385,5.,53.5));
#5280=CARTESIAN_POINT('',(37.4615384615385,5.,53.5));
#5281=CARTESIAN_POINT('',(35.9230769230769,5.,53.5));
#5282=CARTESIAN_POINT('',(40.,5.,53.5));
#5283=CARTESIAN_POINT('',(35.9230769230769,63.,53.5));
#5284=CARTESIAN_POINT('',(35.9230769230769,5.,53.5));
#5285=CARTESIAN_POINT('',(35.4230769230769,63.,53.5));
#5286=CARTESIAN_POINT('',(35.9230769230769,63.,53.5));
#5287=CARTESIAN_POINT('',(35.4230769230769,5.,53.5));
#5288=CARTESIAN_POINT('',(35.4230769230769,5.,53.5));
#5289=CARTESIAN_POINT('',(33.8846153846154,5.,53.5));
#5290=CARTESIAN_POINT('',(40.,5.,53.5));
#5291=CARTESIAN_POINT('',(33.8846153846154,63.,53.5));
#5292=CARTESIAN_POINT('',(33.8846153846154,5.,53.5));
#5293=CARTESIAN_POINT('',(33.3846153846154,63.,53.5));
#5294=CARTESIAN_POINT('',(33.8846153846154,63.,53.5));
#5295=CARTESIAN_POINT('',(33.3846153846154,5.,53.5));
#5296=CARTESIAN_POINT('',(33.3846153846154,5.,53.5));
#5297=CARTESIAN_POINT('',(21.6538461538461,5.,53.5));
#5298=CARTESIAN_POINT('',(40.,5.,53.5));
#5299=CARTESIAN_POINT('',(21.6538461538461,63.,53.5));
#5300=CARTESIAN_POINT('',(21.6538461538461,5.,53.5));
#5301=CARTESIAN_POINT('',(21.1538461538461,63.,53.5));
#5302=CARTESIAN_POINT('',(21.6538461538461,63.,53.5));
#5303=CARTESIAN_POINT('',(21.1538461538461,5.,53.5));
#5304=CARTESIAN_POINT('',(21.1538461538461,5.,53.5));
#5305=CARTESIAN_POINT('',(19.6153846153846,5.,53.5));
#5306=CARTESIAN_POINT('',(40.,5.,53.5));
#5307=CARTESIAN_POINT('',(19.6153846153846,63.,53.5));
#5308=CARTESIAN_POINT('',(19.6153846153846,5.,53.5));
#5309=CARTESIAN_POINT('',(19.1153846153846,63.,53.5));
#5310=CARTESIAN_POINT('',(19.6153846153846,63.,53.5));
#5311=CARTESIAN_POINT('',(19.1153846153846,5.,53.5));
#5312=CARTESIAN_POINT('',(19.1153846153846,5.,53.5));
#5313=CARTESIAN_POINT('',(17.5769230769231,5.,53.5));
#5314=CARTESIAN_POINT('',(40.,5.,53.5));
#5315=CARTESIAN_POINT('',(17.5769230769231,63.,53.5));
#5316=CARTESIAN_POINT('',(17.5769230769231,5.,53.5));
#5317=CARTESIAN_POINT('',(17.0769230769231,63.,53.5));
#5318=CARTESIAN_POINT('',(17.5769230769231,63.,53.5));
#5319=CARTESIAN_POINT('',(17.0769230769231,5.,53.5));
#5320=CARTESIAN_POINT('',(17.0769230769231,5.,53.5));
#5321=CARTESIAN_POINT('',(15.5384615384615,5.,53.5));
#5322=CARTESIAN_POINT('',(40.,5.,53.5));
#5323=CARTESIAN_POINT('',(15.5384615384615,63.,53.5));
#5324=CARTESIAN_POINT('',(15.5384615384615,5.,53.5));
#5325=CARTESIAN_POINT('',(15.0384615384615,63.,53.5));
#5326=CARTESIAN_POINT('',(15.5384615384615,63.,53.5));
#5327=CARTESIAN_POINT('',(15.0384615384615,5.,53.5));
#5328=CARTESIAN_POINT('',(15.0384615384615,5.,53.5));
#5329=CARTESIAN_POINT('',(13.5,5.,53.5));
#5330=CARTESIAN_POINT('',(40.,5.,53.5));
#5331=CARTESIAN_POINT('',(13.5,63.,53.5));
#5332=CARTESIAN_POINT('',(13.5,5.,53.5));
#5333=CARTESIAN_POINT('',(13.,63.,53.5));
#5334=CARTESIAN_POINT('',(13.5,63.,53.5));
#5335=CARTESIAN_POINT('',(13.,5.,53.5));
#5336=CARTESIAN_POINT('',(13.,5.,53.5));
#5337=CARTESIAN_POINT('',(11.4615384615385,5.,53.5));
#5338=CARTESIAN_POINT('',(40.,5.,53.5));
#5339=CARTESIAN_POINT('',(11.4615384615385,63.,53.5));
#5340=CARTESIAN_POINT('',(11.4615384615385,5.,53.5));
#5341=CARTESIAN_POINT('',(10.9615384615385,63.,53.5));
#5342=CARTESIAN_POINT('',(11.4615384615385,63.,53.5));
#5343=CARTESIAN_POINT('',(10.9615384615385,5.,53.5));
#5344=CARTESIAN_POINT('',(10.9615384615385,5.,53.5));
#5345=CARTESIAN_POINT('',(9.42307692307693,5.,53.5));
#5346=CARTESIAN_POINT('',(40.,5.,53.5));
#5347=CARTESIAN_POINT('',(9.42307692307693,63.,53.5));
#5348=CARTESIAN_POINT('',(9.42307692307693,5.,53.5));
#5349=CARTESIAN_POINT('',(8.92307692307693,63.,53.5));
#5350=CARTESIAN_POINT('',(9.42307692307693,63.,53.5));
#5351=CARTESIAN_POINT('',(8.92307692307693,5.,53.5));
#5352=CARTESIAN_POINT('',(8.92307692307693,5.,53.5));
#5353=CARTESIAN_POINT('',(7.38461538461539,5.,53.5));
#5354=CARTESIAN_POINT('',(40.,5.,53.5));
#5355=CARTESIAN_POINT('',(7.38461538461539,63.,53.5));
#5356=CARTESIAN_POINT('',(7.38461538461539,5.,53.5));
#5357=CARTESIAN_POINT('',(6.88461538461539,63.,53.5));
#5358=CARTESIAN_POINT('',(7.38461538461539,63.,53.5));
#5359=CARTESIAN_POINT('',(6.88461538461539,5.,53.5));
#5360=CARTESIAN_POINT('',(6.88461538461539,5.,53.5));
#5361=CARTESIAN_POINT('',(5.34615384615384,5.,53.5));
#5362=CARTESIAN_POINT('',(40.,5.,53.5));
#5363=CARTESIAN_POINT('',(5.34615384615384,63.,53.5));
#5364=CARTESIAN_POINT('',(5.34615384615384,5.,53.5));
#5365=CARTESIAN_POINT('',(4.84615384615385,63.,53.5));
#5366=CARTESIAN_POINT('',(5.34615384615384,63.,53.5));
#5367=CARTESIAN_POINT('',(4.84615384615385,5.,53.5));
#5368=CARTESIAN_POINT('',(4.84615384615385,5.,53.5));
#5369=CARTESIAN_POINT('',(3.3076923076923,5.,53.5));
#5370=CARTESIAN_POINT('',(40.,5.,53.5));
#5371=CARTESIAN_POINT('',(3.3076923076923,63.,53.5));
#5372=CARTESIAN_POINT('',(3.3076923076923,5.,53.5));
#5373=CARTESIAN_POINT('',(2.80769230769231,63.,53.5));
#5374=CARTESIAN_POINT('',(3.3076923076923,63.,53.5));
#5375=CARTESIAN_POINT('',(2.80769230769231,5.,53.5));
#5376=CARTESIAN_POINT('',(2.80769230769231,5.,53.5));
#5377=CARTESIAN_POINT('',(1.26923076923076,5.,53.5));
#5378=CARTESIAN_POINT('',(40.,5.,53.5));
#5379=CARTESIAN_POINT('',(1.26923076923076,63.,53.5));
#5380=CARTESIAN_POINT('',(1.26923076923076,5.,53.5));
#5381=CARTESIAN_POINT('',(0.769230769230766,63.,53.5));
#5382=CARTESIAN_POINT('',(1.26923076923076,63.,53.5));
#5383=CARTESIAN_POINT('',(0.769230769230766,5.,53.5));
#5384=CARTESIAN_POINT('',(0.769230769230766,5.,53.5));
#5385=CARTESIAN_POINT('',(-0.769230769230771,5.,53.5));
#5386=CARTESIAN_POINT('',(40.,5.,53.5));
#5387=CARTESIAN_POINT('',(-0.769230769230771,63.,53.5));
#5388=CARTESIAN_POINT('',(-0.769230769230771,5.,53.5));
#5389=CARTESIAN_POINT('',(-1.26923076923077,63.,53.5));
#5390=CARTESIAN_POINT('',(-0.769230769230771,63.,53.5));
#5391=CARTESIAN_POINT('',(-1.26923076923077,5.,53.5));
#5392=CARTESIAN_POINT('',(-1.26923076923077,5.,53.5));
#5393=CARTESIAN_POINT('',(-2.80769230769231,5.,53.5));
#5394=CARTESIAN_POINT('',(40.,5.,53.5));
#5395=CARTESIAN_POINT('',(-2.80769230769231,63.,53.5));
#5396=CARTESIAN_POINT('',(-2.80769230769231,5.,53.5));
#5397=CARTESIAN_POINT('',(-3.30769230769231,63.,53.5));
#5398=CARTESIAN_POINT('',(-2.80769230769231,63.,53.5));
#5399=CARTESIAN_POINT('',(-3.30769230769231,5.,53.5));
#5400=CARTESIAN_POINT('',(-3.30769230769231,5.,53.5));
#5401=CARTESIAN_POINT('',(-4.84615384615385,5.,53.5));
#5402=CARTESIAN_POINT('',(40.,5.,53.5));
#5403=CARTESIAN_POINT('',(-4.84615384615385,63.,53.5));
#5404=CARTESIAN_POINT('',(-4.84615384615385,5.,53.5));
#5405=CARTESIAN_POINT('',(-5.34615384615384,63.,53.5));
#5406=CARTESIAN_POINT('',(-4.84615384615385,63.,53.5));
#5407=CARTESIAN_POINT('',(-5.34615384615384,5.,53.5));
#5408=CARTESIAN_POINT('',(-5.34615384615384,5.,53.5));
#5409=CARTESIAN_POINT('',(-6.88461538461539,5.,53.5));
#5410=CARTESIAN_POINT('',(40.,5.,53.5));
#5411=CARTESIAN_POINT('',(-6.88461538461539,63.,53.5));
#5412=CARTESIAN_POINT('',(-6.88461538461539,5.,53.5));
#5413=CARTESIAN_POINT('',(-7.38461538461539,63.,53.5));
#5414=CARTESIAN_POINT('',(-6.88461538461539,63.,53.5));
#5415=CARTESIAN_POINT('',(-7.38461538461539,5.,53.5));
#5416=CARTESIAN_POINT('',(-7.38461538461539,5.,53.5));
#5417=CARTESIAN_POINT('',(-8.92307692307693,5.,53.5));
#5418=CARTESIAN_POINT('',(40.,5.,53.5));
#5419=CARTESIAN_POINT('',(-8.92307692307693,63.,53.5));
#5420=CARTESIAN_POINT('',(-8.92307692307693,5.,53.5));
#5421=CARTESIAN_POINT('',(-9.42307692307693,63.,53.5));
#5422=CARTESIAN_POINT('',(-8.92307692307693,63.,53.5));
#5423=CARTESIAN_POINT('',(-9.42307692307693,5.,53.5));
#5424=CARTESIAN_POINT('',(-9.42307692307693,5.,53.5));
#5425=CARTESIAN_POINT('',(-10.9615384615385,5.,53.5));
#5426=CARTESIAN_POINT('',(40.,5.,53.5));
#5427=CARTESIAN_POINT('',(-10.9615384615385,63.,53.5));
#5428=CARTESIAN_POINT('',(-10.9615384615385,5.,53.5));
#5429=CARTESIAN_POINT('',(-11.4615384615385,63.,53.5));
#5430=CARTESIAN_POINT('',(-10.9615384615385,63.,53.5));
#5431=CARTESIAN_POINT('',(-11.4615384615385,5.,53.5));
#5432=CARTESIAN_POINT('',(-11.4615384615385,5.,53.5));
#5433=CARTESIAN_POINT('',(-13.,5.,53.5));
#5434=CARTESIAN_POINT('',(40.,5.,53.5));
#5435=CARTESIAN_POINT('',(-13.,63.,53.5));
#5436=CARTESIAN_POINT('',(-13.,5.,53.5));
#5437=CARTESIAN_POINT('',(-13.5,63.,53.5));
#5438=CARTESIAN_POINT('',(-13.,63.,53.5));
#5439=CARTESIAN_POINT('',(-13.5,5.,53.5));
#5440=CARTESIAN_POINT('',(-13.5,5.,53.5));
#5441=CARTESIAN_POINT('',(-15.0384615384615,5.,53.5));
#5442=CARTESIAN_POINT('',(40.,5.,53.5));
#5443=CARTESIAN_POINT('',(-15.0384615384615,63.,53.5));
#5444=CARTESIAN_POINT('',(-15.0384615384615,5.,53.5));
#5445=CARTESIAN_POINT('',(-15.5384615384615,63.,53.5));
#5446=CARTESIAN_POINT('',(-15.0384615384615,63.,53.5));
#5447=CARTESIAN_POINT('',(-15.5384615384615,5.,53.5));
#5448=CARTESIAN_POINT('',(-15.5384615384615,5.,53.5));
#5449=CARTESIAN_POINT('',(-17.0769230769231,5.,53.5));
#5450=CARTESIAN_POINT('',(40.,5.,53.5));
#5451=CARTESIAN_POINT('',(-17.0769230769231,63.,53.5));
#5452=CARTESIAN_POINT('',(-17.0769230769231,5.,53.5));
#5453=CARTESIAN_POINT('',(-17.5769230769231,63.,53.5));
#5454=CARTESIAN_POINT('',(-17.0769230769231,63.,53.5));
#5455=CARTESIAN_POINT('',(-17.5769230769231,5.,53.5));
#5456=CARTESIAN_POINT('',(-17.5769230769231,5.,53.5));
#5457=CARTESIAN_POINT('',(-19.1153846153846,5.,53.5));
#5458=CARTESIAN_POINT('',(40.,5.,53.5));
#5459=CARTESIAN_POINT('',(-19.1153846153846,63.,53.5));
#5460=CARTESIAN_POINT('',(-19.1153846153846,5.,53.5));
#5461=CARTESIAN_POINT('',(-19.6153846153846,63.,53.5));
#5462=CARTESIAN_POINT('',(-19.1153846153846,63.,53.5));
#5463=CARTESIAN_POINT('',(-19.6153846153846,5.,53.5));
#5464=CARTESIAN_POINT('',(-19.6153846153846,5.,53.5));
#5465=CARTESIAN_POINT('',(-21.1538461538462,5.,53.5));
#5466=CARTESIAN_POINT('',(40.,5.,53.5));
#5467=CARTESIAN_POINT('',(-21.1538461538462,63.,53.5));
#5468=CARTESIAN_POINT('',(-21.1538461538462,5.,53.5));
#5469=CARTESIAN_POINT('',(-21.6538461538462,63.,53.5));
#5470=CARTESIAN_POINT('',(-21.1538461538462,63.,53.5));
#5471=CARTESIAN_POINT('',(-21.6538461538462,5.,53.5));
#5472=CARTESIAN_POINT('Origin',(0.,5.,0.));
#5473=CARTESIAN_POINT('',(33.3846153846154,5.,-53.5));
#5474=CARTESIAN_POINT('',(33.3846153846154,5.,-26.75));
#5475=CARTESIAN_POINT('',(21.6538461538461,5.,-53.5));
#5476=CARTESIAN_POINT('',(-40.,5.,-53.5));
#5477=CARTESIAN_POINT('',(21.6538461538461,5.,26.75));
#5478=CARTESIAN_POINT('',(23.1923076923077,5.,-26.75));
#5479=CARTESIAN_POINT('',(23.6923076923077,5.,26.75));
#5480=CARTESIAN_POINT('',(25.2307692307692,5.,-26.75));
#5481=CARTESIAN_POINT('',(25.7307692307692,5.,26.75));
#5482=CARTESIAN_POINT('',(27.2692307692308,5.,-26.75));
#5483=CARTESIAN_POINT('',(27.7692307692308,5.,26.75));
#5484=CARTESIAN_POINT('',(31.3461538461538,5.,-26.75));
#5485=CARTESIAN_POINT('',(31.8461538461538,5.,26.75));
#5486=CARTESIAN_POINT('',(29.3076923076923,5.,-26.75));
#5487=CARTESIAN_POINT('',(29.8076923076923,5.,26.75));
#5488=CARTESIAN_POINT('Origin',(23.4423076923077,63.,0.));
#5489=CARTESIAN_POINT('',(23.6923076923077,63.,-53.5));
#5490=CARTESIAN_POINT('',(23.1923076923077,63.,-53.5));
#5491=CARTESIAN_POINT('Origin',(23.1923076923077,5.,-53.5));
#5492=CARTESIAN_POINT('Origin',(23.6923076923077,5.,53.5));
#5493=CARTESIAN_POINT('Origin',(25.2307692307692,5.,-53.5));
#5494=CARTESIAN_POINT('',(25.2307692307692,63.,-53.5));
#5495=CARTESIAN_POINT('Origin',(25.4807692307692,63.,0.));
#5496=CARTESIAN_POINT('',(25.7307692307692,63.,-53.5));
#5497=CARTESIAN_POINT('Origin',(25.7307692307692,5.,53.5));
#5498=CARTESIAN_POINT('Origin',(27.5192307692308,63.,0.));
#5499=CARTESIAN_POINT('',(27.7692307692308,63.,-53.5));
#5500=CARTESIAN_POINT('',(27.2692307692308,63.,-53.5));
#5501=CARTESIAN_POINT('Origin',(27.2692307692308,5.,-53.5));
#5502=CARTESIAN_POINT('Origin',(27.7692307692308,5.,53.5));
#5503=CARTESIAN_POINT('Origin',(-39.5,5.,53.5));
#5504=CARTESIAN_POINT('',(-39.5,5.,-53.5));
#5505=CARTESIAN_POINT('',(-39.5,5.,26.75));
#5506=CARTESIAN_POINT('',(-39.5,63.,-53.5));
#5507=CARTESIAN_POINT('',(-39.5,5.,-53.5));
#5508=CARTESIAN_POINT('',(-39.5,63.,-53.5));
#5509=CARTESIAN_POINT('Origin',(-39.75,63.,0.));
#5510=CARTESIAN_POINT('',(-40.,63.,-53.5));
#5511=CARTESIAN_POINT('',(-40.,63.,-53.5));
#5512=CARTESIAN_POINT('',(-40.,63.,53.5));
#5513=CARTESIAN_POINT('Origin',(0.,5.,0.));
#5514=CARTESIAN_POINT('',(-37.9615384615385,5.,-53.5));
#5515=CARTESIAN_POINT('',(-37.9615384615385,5.,-26.75));
#5516=CARTESIAN_POINT('',(-40.,5.,-53.5));
#5517=CARTESIAN_POINT('Origin',(-23.1923076923077,5.,53.5));
#5518=CARTESIAN_POINT('',(-23.1923076923077,5.,26.75));
#5519=CARTESIAN_POINT('',(-23.1923076923077,63.,-53.5));
#5520=CARTESIAN_POINT('Origin',(-23.6923076923077,5.,-53.5));
#5521=CARTESIAN_POINT('',(-23.6923076923077,63.,-53.5));
#5522=CARTESIAN_POINT('',(-23.6923076923077,5.,-26.75));
#5523=CARTESIAN_POINT('Origin',(-23.4423076923077,63.,0.));
#5524=CARTESIAN_POINT('Origin',(-15.0384615384615,5.,53.5));
#5525=CARTESIAN_POINT('',(-15.0384615384615,5.,-53.5));
#5526=CARTESIAN_POINT('',(-15.0384615384615,5.,26.75));
#5527=CARTESIAN_POINT('',(-15.0384615384615,63.,-53.5));
#5528=CARTESIAN_POINT('',(-15.0384615384615,5.,-53.5));
#5529=CARTESIAN_POINT('',(-15.0384615384615,63.,-53.5));
#5530=CARTESIAN_POINT('Origin',(-15.5384615384615,5.,-53.5));
#5531=CARTESIAN_POINT('',(-15.5384615384615,5.,-53.5));
#5532=CARTESIAN_POINT('',(-15.5384615384615,5.,-26.75));
#5533=CARTESIAN_POINT('',(-15.5384615384615,63.,-53.5));
#5534=CARTESIAN_POINT('',(-15.5384615384615,63.,-53.5));
#5535=CARTESIAN_POINT('',(-15.5384615384615,5.,-53.5));
#5536=CARTESIAN_POINT('Origin',(-15.2884615384615,63.,0.));
#5537=CARTESIAN_POINT('',(-15.5384615384615,63.,-53.5));
#5538=CARTESIAN_POINT('Origin',(0.,5.,0.));
#5539=CARTESIAN_POINT('',(-17.0769230769231,5.,-53.5));
#5540=CARTESIAN_POINT('',(-40.,5.,-53.5));
#5541=CARTESIAN_POINT('',(-17.0769230769231,5.,26.75));
#5542=CARTESIAN_POINT('Origin',(-6.88461538461539,5.,53.5));
#5543=CARTESIAN_POINT('',(-6.88461538461539,5.,-53.5));
#5544=CARTESIAN_POINT('',(-6.88461538461539,5.,26.75));
#5545=CARTESIAN_POINT('',(-6.88461538461539,63.,-53.5));
#5546=CARTESIAN_POINT('',(-6.88461538461539,5.,-53.5));
#5547=CARTESIAN_POINT('',(-6.88461538461539,63.,-53.5));
#5548=CARTESIAN_POINT('Origin',(-7.38461538461539,5.,-53.5));
#5549=CARTESIAN_POINT('',(-7.38461538461539,5.,-53.5));
#5550=CARTESIAN_POINT('',(-7.38461538461539,5.,-26.75));
#5551=CARTESIAN_POINT('',(-7.38461538461539,63.,-53.5));
#5552=CARTESIAN_POINT('',(-7.38461538461539,63.,-53.5));
#5553=CARTESIAN_POINT('',(-7.38461538461539,5.,-53.5));
#5554=CARTESIAN_POINT('Origin',(-7.13461538461539,63.,0.));
#5555=CARTESIAN_POINT('',(-7.38461538461539,63.,-53.5));
#5556=CARTESIAN_POINT('Origin',(0.,5.,0.));
#5557=CARTESIAN_POINT('',(-8.92307692307693,5.,-53.5));
#5558=CARTESIAN_POINT('',(-40.,5.,-53.5));
#5559=CARTESIAN_POINT('',(-8.92307692307693,5.,26.75));
#5560=CARTESIAN_POINT('Origin',(1.26923076923076,5.,53.5));
#5561=CARTESIAN_POINT('',(1.26923076923076,5.,-53.5));
#5562=CARTESIAN_POINT('',(1.26923076923076,5.,26.75));
#5563=CARTESIAN_POINT('',(1.26923076923076,63.,-53.5));
#5564=CARTESIAN_POINT('',(1.26923076923076,5.,-53.5));
#5565=CARTESIAN_POINT('',(1.26923076923076,63.,-53.5));
#5566=CARTESIAN_POINT('Origin',(0.769230769230766,5.,-53.5));
#5567=CARTESIAN_POINT('',(0.769230769230766,5.,-53.5));
#5568=CARTESIAN_POINT('',(0.769230769230766,5.,-26.75));
#5569=CARTESIAN_POINT('',(0.769230769230766,63.,-53.5));
#5570=CARTESIAN_POINT('',(0.769230769230766,63.,-53.5));
#5571=CARTESIAN_POINT('',(0.769230769230766,5.,-53.5));
#5572=CARTESIAN_POINT('Origin',(1.01923076923077,63.,0.));
#5573=CARTESIAN_POINT('',(0.769230769230766,63.,-53.5));
#5574=CARTESIAN_POINT('Origin',(0.,5.,0.));
#5575=CARTESIAN_POINT('',(-0.769230769230771,5.,-53.5));
#5576=CARTESIAN_POINT('',(-40.,5.,-53.5));
#5577=CARTESIAN_POINT('',(-0.769230769230771,5.,26.75));
#5578=CARTESIAN_POINT('Origin',(9.42307692307693,5.,53.5));
#5579=CARTESIAN_POINT('',(9.42307692307693,5.,-53.5));
#5580=CARTESIAN_POINT('',(9.42307692307693,5.,26.75));
#5581=CARTESIAN_POINT('',(9.42307692307693,63.,-53.5));
#5582=CARTESIAN_POINT('',(9.42307692307693,5.,-53.5));
#5583=CARTESIAN_POINT('',(9.42307692307693,63.,-53.5));
#5584=CARTESIAN_POINT('Origin',(8.92307692307693,5.,-53.5));
#5585=CARTESIAN_POINT('',(8.92307692307693,5.,-53.5));
#5586=CARTESIAN_POINT('',(8.92307692307693,5.,-26.75));
#5587=CARTESIAN_POINT('',(8.92307692307693,63.,-53.5));
#5588=CARTESIAN_POINT('',(8.92307692307693,63.,-53.5));
#5589=CARTESIAN_POINT('',(8.92307692307693,5.,-53.5));
#5590=CARTESIAN_POINT('Origin',(9.17307692307693,63.,0.));
#5591=CARTESIAN_POINT('',(8.92307692307693,63.,-53.5));
#5592=CARTESIAN_POINT('Origin',(0.,5.,0.));
#5593=CARTESIAN_POINT('',(7.38461538461539,5.,-53.5));
#5594=CARTESIAN_POINT('',(-40.,5.,-53.5));
#5595=CARTESIAN_POINT('',(7.38461538461539,5.,26.75));
#5596=CARTESIAN_POINT('Origin',(17.5769230769231,5.,53.5));
#5597=CARTESIAN_POINT('',(17.5769230769231,5.,-53.5));
#5598=CARTESIAN_POINT('',(17.5769230769231,5.,26.75));
#5599=CARTESIAN_POINT('',(17.5769230769231,63.,-53.5));
#5600=CARTESIAN_POINT('',(17.5769230769231,5.,-53.5));
#5601=CARTESIAN_POINT('',(17.5769230769231,63.,-53.5));
#5602=CARTESIAN_POINT('Origin',(17.0769230769231,5.,-53.5));
#5603=CARTESIAN_POINT('',(17.0769230769231,5.,-53.5));
#5604=CARTESIAN_POINT('',(17.0769230769231,5.,-26.75));
#5605=CARTESIAN_POINT('',(17.0769230769231,63.,-53.5));
#5606=CARTESIAN_POINT('',(17.0769230769231,63.,-53.5));
#5607=CARTESIAN_POINT('',(17.0769230769231,5.,-53.5));
#5608=CARTESIAN_POINT('Origin',(17.3269230769231,63.,0.));
#5609=CARTESIAN_POINT('',(17.0769230769231,63.,-53.5));
#5610=CARTESIAN_POINT('Origin',(0.,5.,0.));
#5611=CARTESIAN_POINT('',(15.5384615384615,5.,-53.5));
#5612=CARTESIAN_POINT('',(-40.,5.,-53.5));
#5613=CARTESIAN_POINT('',(15.5384615384615,5.,26.75));
#5614=CARTESIAN_POINT('Origin',(35.9230769230769,5.,53.5));
#5615=CARTESIAN_POINT('',(35.9230769230769,5.,-53.5));
#5616=CARTESIAN_POINT('',(35.9230769230769,5.,26.75));
#5617=CARTESIAN_POINT('',(35.9230769230769,63.,-53.5));
#5618=CARTESIAN_POINT('',(35.9230769230769,5.,-53.5));
#5619=CARTESIAN_POINT('',(35.9230769230769,63.,-53.5));
#5620=CARTESIAN_POINT('Origin',(35.4230769230769,5.,-53.5));
#5621=CARTESIAN_POINT('',(35.4230769230769,5.,-53.5));
#5622=CARTESIAN_POINT('',(35.4230769230769,5.,-26.75));
#5623=CARTESIAN_POINT('',(35.4230769230769,63.,-53.5));
#5624=CARTESIAN_POINT('',(35.4230769230769,63.,-53.5));
#5625=CARTESIAN_POINT('',(35.4230769230769,5.,-53.5));
#5626=CARTESIAN_POINT('Origin',(35.6730769230769,63.,0.));
#5627=CARTESIAN_POINT('',(35.4230769230769,63.,-53.5));
#5628=CARTESIAN_POINT('Origin',(0.,5.,0.));
#5629=CARTESIAN_POINT('',(33.8846153846154,5.,-53.5));
#5630=CARTESIAN_POINT('',(-40.,5.,-53.5));
#5631=CARTESIAN_POINT('',(33.8846153846154,5.,26.75));
#5632=CARTESIAN_POINT('Origin',(33.8846153846154,5.,53.5));
#5633=CARTESIAN_POINT('',(33.8846153846154,63.,-53.5));
#5634=CARTESIAN_POINT('',(33.8846153846154,5.,-53.5));
#5635=CARTESIAN_POINT('',(33.8846153846154,63.,-53.5));
#5636=CARTESIAN_POINT('Origin',(33.3846153846154,5.,-53.5));
#5637=CARTESIAN_POINT('',(33.3846153846154,63.,-53.5));
#5638=CARTESIAN_POINT('',(33.3846153846154,63.,-53.5));
#5639=CARTESIAN_POINT('',(33.3846153846154,5.,-53.5));
#5640=CARTESIAN_POINT('Origin',(33.6346153846154,63.,0.));
#5641=CARTESIAN_POINT('',(33.3846153846154,63.,-53.5));
#5642=CARTESIAN_POINT('Origin',(31.8461538461538,5.,53.5));
#5643=CARTESIAN_POINT('',(31.8461538461538,63.,-53.5));
#5644=CARTESIAN_POINT('Origin',(31.3461538461538,5.,-53.5));
#5645=CARTESIAN_POINT('',(31.3461538461538,63.,-53.5));
#5646=CARTESIAN_POINT('Origin',(31.5961538461538,63.,0.));
#5647=CARTESIAN_POINT('Origin',(15.5384615384615,5.,53.5));
#5648=CARTESIAN_POINT('',(15.5384615384615,63.,-53.5));
#5649=CARTESIAN_POINT('',(15.5384615384615,5.,-53.5));
#5650=CARTESIAN_POINT('',(15.5384615384615,63.,-53.5));
#5651=CARTESIAN_POINT('Origin',(15.0384615384615,5.,-53.5));
#5652=CARTESIAN_POINT('',(15.0384615384615,5.,-53.5));
#5653=CARTESIAN_POINT('',(15.0384615384615,5.,-26.75));
#5654=CARTESIAN_POINT('',(15.0384615384615,63.,-53.5));
#5655=CARTESIAN_POINT('',(15.0384615384615,63.,-53.5));
#5656=CARTESIAN_POINT('',(15.0384615384615,5.,-53.5));
#5657=CARTESIAN_POINT('Origin',(15.2884615384615,63.,0.));
#5658=CARTESIAN_POINT('',(15.0384615384615,63.,-53.5));
#5659=CARTESIAN_POINT('Origin',(0.,5.,0.));
#5660=CARTESIAN_POINT('',(13.5,5.,-53.5));
#5661=CARTESIAN_POINT('',(-40.,5.,-53.5));
#5662=CARTESIAN_POINT('',(13.5,5.,26.75));
#5663=CARTESIAN_POINT('Origin',(7.38461538461539,5.,53.5));
#5664=CARTESIAN_POINT('',(7.38461538461539,63.,-53.5));
#5665=CARTESIAN_POINT('',(7.38461538461539,5.,-53.5));
#5666=CARTESIAN_POINT('',(7.38461538461539,63.,-53.5));
#5667=CARTESIAN_POINT('Origin',(6.88461538461539,5.,-53.5));
#5668=CARTESIAN_POINT('',(6.88461538461539,5.,-53.5));
#5669=CARTESIAN_POINT('',(6.88461538461539,5.,-26.75));
#5670=CARTESIAN_POINT('',(6.88461538461539,63.,-53.5));
#5671=CARTESIAN_POINT('',(6.88461538461539,63.,-53.5));
#5672=CARTESIAN_POINT('',(6.88461538461539,5.,-53.5));
#5673=CARTESIAN_POINT('Origin',(7.13461538461539,63.,0.));
#5674=CARTESIAN_POINT('',(6.88461538461539,63.,-53.5));
#5675=CARTESIAN_POINT('Origin',(0.,5.,0.));
#5676=CARTESIAN_POINT('',(5.34615384615384,5.,-53.5));
#5677=CARTESIAN_POINT('',(-40.,5.,-53.5));
#5678=CARTESIAN_POINT('',(5.34615384615384,5.,26.75));
#5679=CARTESIAN_POINT('Origin',(-0.769230769230771,5.,53.5));
#5680=CARTESIAN_POINT('',(-0.769230769230771,63.,-53.5));
#5681=CARTESIAN_POINT('',(-0.769230769230771,5.,-53.5));
#5682=CARTESIAN_POINT('',(-0.769230769230771,63.,-53.5));
#5683=CARTESIAN_POINT('Origin',(-1.26923076923077,5.,-53.5));
#5684=CARTESIAN_POINT('',(-1.26923076923077,5.,-53.5));
#5685=CARTESIAN_POINT('',(-1.26923076923077,5.,-26.75));
#5686=CARTESIAN_POINT('',(-1.26923076923077,63.,-53.5));
#5687=CARTESIAN_POINT('',(-1.26923076923077,63.,-53.5));
#5688=CARTESIAN_POINT('',(-1.26923076923077,5.,-53.5));
#5689=CARTESIAN_POINT('Origin',(-1.01923076923077,63.,0.));
#5690=CARTESIAN_POINT('',(-1.26923076923077,63.,-53.5));
#5691=CARTESIAN_POINT('Origin',(0.,5.,0.));
#5692=CARTESIAN_POINT('',(-2.80769230769231,5.,-53.5));
#5693=CARTESIAN_POINT('',(-40.,5.,-53.5));
#5694=CARTESIAN_POINT('',(-2.80769230769231,5.,26.75));
#5695=CARTESIAN_POINT('Origin',(-8.92307692307693,5.,53.5));
#5696=CARTESIAN_POINT('',(-8.92307692307693,63.,-53.5));
#5697=CARTESIAN_POINT('',(-8.92307692307693,5.,-53.5));
#5698=CARTESIAN_POINT('',(-8.92307692307693,63.,-53.5));
#5699=CARTESIAN_POINT('Origin',(-9.42307692307693,5.,-53.5));
#5700=CARTESIAN_POINT('',(-9.42307692307693,5.,-53.5));
#5701=CARTESIAN_POINT('',(-9.42307692307693,5.,-26.75));
#5702=CARTESIAN_POINT('',(-9.42307692307693,63.,-53.5));
#5703=CARTESIAN_POINT('',(-9.42307692307693,63.,-53.5));
#5704=CARTESIAN_POINT('',(-9.42307692307693,5.,-53.5));
#5705=CARTESIAN_POINT('Origin',(-9.17307692307693,63.,0.));
#5706=CARTESIAN_POINT('',(-9.42307692307693,63.,-53.5));
#5707=CARTESIAN_POINT('Origin',(0.,5.,0.));
#5708=CARTESIAN_POINT('',(-10.9615384615385,5.,-53.5));
#5709=CARTESIAN_POINT('',(-40.,5.,-53.5));
#5710=CARTESIAN_POINT('',(-10.9615384615385,5.,26.75));
#5711=CARTESIAN_POINT('Origin',(-17.0769230769231,5.,53.5));
#5712=CARTESIAN_POINT('',(-17.0769230769231,63.,-53.5));
#5713=CARTESIAN_POINT('',(-17.0769230769231,5.,-53.5));
#5714=CARTESIAN_POINT('',(-17.0769230769231,63.,-53.5));
#5715=CARTESIAN_POINT('Origin',(-17.5769230769231,5.,-53.5));
#5716=CARTESIAN_POINT('',(-17.5769230769231,5.,-53.5));
#5717=CARTESIAN_POINT('',(-17.5769230769231,5.,-26.75));
#5718=CARTESIAN_POINT('',(-17.5769230769231,63.,-53.5));
#5719=CARTESIAN_POINT('',(-17.5769230769231,63.,-53.5));
#5720=CARTESIAN_POINT('',(-17.5769230769231,5.,-53.5));
#5721=CARTESIAN_POINT('Origin',(-17.3269230769231,63.,0.));
#5722=CARTESIAN_POINT('',(-17.5769230769231,63.,-53.5));
#5723=CARTESIAN_POINT('Origin',(0.,5.,0.));
#5724=CARTESIAN_POINT('',(-19.1153846153846,5.,-53.5));
#5725=CARTESIAN_POINT('',(-40.,5.,-53.5));
#5726=CARTESIAN_POINT('',(-19.1153846153846,5.,26.75));
#5727=CARTESIAN_POINT('Origin',(-25.2307692307692,5.,53.5));
#5728=CARTESIAN_POINT('',(-25.2307692307692,5.,26.75));
#5729=CARTESIAN_POINT('',(-25.2307692307692,63.,-53.5));
#5730=CARTESIAN_POINT('Origin',(-25.7307692307692,5.,-53.5));
#5731=CARTESIAN_POINT('',(-25.7307692307692,63.,-53.5));
#5732=CARTESIAN_POINT('',(-25.7307692307692,5.,-26.75));
#5733=CARTESIAN_POINT('Origin',(-25.4807692307692,63.,0.));
#5734=CARTESIAN_POINT('Origin',(-33.3846153846154,5.,53.5));
#5735=CARTESIAN_POINT('',(-33.3846153846154,5.,-53.5));
#5736=CARTESIAN_POINT('',(-33.3846153846154,5.,26.75));
#5737=CARTESIAN_POINT('',(-33.3846153846154,63.,-53.5));
#5738=CARTESIAN_POINT('',(-33.3846153846154,5.,-53.5));
#5739=CARTESIAN_POINT('',(-33.3846153846154,63.,-53.5));
#5740=CARTESIAN_POINT('Origin',(-33.8846153846154,5.,-53.5));
#5741=CARTESIAN_POINT('',(-33.8846153846154,5.,-53.5));
#5742=CARTESIAN_POINT('',(-33.8846153846154,5.,-26.75));
#5743=CARTESIAN_POINT('',(-33.8846153846154,63.,-53.5));
#5744=CARTESIAN_POINT('',(-33.8846153846154,63.,-53.5));
#5745=CARTESIAN_POINT('',(-33.8846153846154,5.,-53.5));
#5746=CARTESIAN_POINT('Origin',(-33.6346153846154,63.,0.));
#5747=CARTESIAN_POINT('',(-33.8846153846154,63.,-53.5));
#5748=CARTESIAN_POINT('Origin',(0.,5.,0.));
#5749=CARTESIAN_POINT('',(-35.4230769230769,5.,-53.5));
#5750=CARTESIAN_POINT('',(-40.,5.,-53.5));
#5751=CARTESIAN_POINT('',(-35.4230769230769,5.,26.75));
#5752=CARTESIAN_POINT('Origin',(-37.4615384615385,5.,53.5));
#5753=CARTESIAN_POINT('',(-37.4615384615385,5.,-53.5));
#5754=CARTESIAN_POINT('',(-37.4615384615385,5.,26.75));
#5755=CARTESIAN_POINT('',(-37.4615384615385,63.,-53.5));
#5756=CARTESIAN_POINT('',(-37.4615384615385,5.,-53.5));
#5757=CARTESIAN_POINT('',(-37.4615384615385,63.,-53.5));
#5758=CARTESIAN_POINT('Origin',(-37.9615384615385,5.,-53.5));
#5759=CARTESIAN_POINT('',(-37.9615384615385,63.,-53.5));
#5760=CARTESIAN_POINT('',(-37.9615384615385,63.,-53.5));
#5761=CARTESIAN_POINT('',(-37.9615384615385,5.,-53.5));
#5762=CARTESIAN_POINT('Origin',(-37.7115384615385,63.,0.));
#5763=CARTESIAN_POINT('',(-37.9615384615385,63.,-53.5));
#5764=CARTESIAN_POINT('Origin',(-21.1538461538462,5.,53.5));
#5765=CARTESIAN_POINT('',(-21.1538461538462,5.,-53.5));
#5766=CARTESIAN_POINT('',(-21.1538461538462,5.,26.75));
#5767=CARTESIAN_POINT('',(-21.1538461538462,63.,-53.5));
#5768=CARTESIAN_POINT('',(-21.1538461538462,5.,-53.5));
#5769=CARTESIAN_POINT('',(-21.1538461538462,63.,-53.5));
#5770=CARTESIAN_POINT('Origin',(-21.6538461538462,5.,-53.5));
#5771=CARTESIAN_POINT('',(-21.6538461538462,5.,-53.5));
#5772=CARTESIAN_POINT('',(-21.6538461538462,5.,-26.75));
#5773=CARTESIAN_POINT('',(-21.6538461538462,63.,-53.5));
#5774=CARTESIAN_POINT('',(-21.6538461538462,63.,-53.5));
#5775=CARTESIAN_POINT('',(-21.6538461538462,5.,-53.5));
#5776=CARTESIAN_POINT('Origin',(-21.4038461538462,63.,0.));
#5777=CARTESIAN_POINT('',(-21.6538461538462,63.,-53.5));
#5778=CARTESIAN_POINT('Origin',(0.,5.,0.));
#5779=CARTESIAN_POINT('',(-40.,5.,-53.5));
#5780=CARTESIAN_POINT('',(-27.7692307692308,5.,-26.75));
#5781=CARTESIAN_POINT('',(-27.2692307692308,5.,26.75));
#5782=CARTESIAN_POINT('Origin',(-13.,5.,53.5));
#5783=CARTESIAN_POINT('',(-13.,5.,-53.5));
#5784=CARTESIAN_POINT('',(-13.,5.,26.75));
#5785=CARTESIAN_POINT('',(-13.,63.,-53.5));
#5786=CARTESIAN_POINT('',(-13.,5.,-53.5));
#5787=CARTESIAN_POINT('',(-13.,63.,-53.5));
#5788=CARTESIAN_POINT('Origin',(-13.5,5.,-53.5));
#5789=CARTESIAN_POINT('',(-13.5,5.,-53.5));
#5790=CARTESIAN_POINT('',(-13.5,5.,-26.75));
#5791=CARTESIAN_POINT('',(-13.5,63.,-53.5));
#5792=CARTESIAN_POINT('',(-13.5,63.,-53.5));
#5793=CARTESIAN_POINT('',(-13.5,5.,-53.5));
#5794=CARTESIAN_POINT('Origin',(-13.25,63.,0.));
#5795=CARTESIAN_POINT('',(-13.5,63.,-53.5));
#5796=CARTESIAN_POINT('Origin',(0.,5.,0.));
#5797=CARTESIAN_POINT('',(-40.,5.,-53.5));
#5798=CARTESIAN_POINT('Origin',(-4.84615384615385,5.,53.5));
#5799=CARTESIAN_POINT('',(-4.84615384615385,5.,-53.5));
#5800=CARTESIAN_POINT('',(-4.84615384615385,5.,26.75));
#5801=CARTESIAN_POINT('',(-4.84615384615385,63.,-53.5));
#5802=CARTESIAN_POINT('',(-4.84615384615385,5.,-53.5));
#5803=CARTESIAN_POINT('',(-4.84615384615385,63.,-53.5));
#5804=CARTESIAN_POINT('Origin',(-5.34615384615384,5.,-53.5));
#5805=CARTESIAN_POINT('',(-5.34615384615384,5.,-53.5));
#5806=CARTESIAN_POINT('',(-5.34615384615384,5.,-26.75));
#5807=CARTESIAN_POINT('',(-5.34615384615384,63.,-53.5));
#5808=CARTESIAN_POINT('',(-5.34615384615384,63.,-53.5));
#5809=CARTESIAN_POINT('',(-5.34615384615384,5.,-53.5));
#5810=CARTESIAN_POINT('Origin',(-5.09615384615385,63.,0.));
#5811=CARTESIAN_POINT('',(-5.34615384615384,63.,-53.5));
#5812=CARTESIAN_POINT('Origin',(0.,5.,0.));
#5813=CARTESIAN_POINT('',(-40.,5.,-53.5));
#5814=CARTESIAN_POINT('Origin',(3.3076923076923,5.,53.5));
#5815=CARTESIAN_POINT('',(3.3076923076923,5.,-53.5));
#5816=CARTESIAN_POINT('',(3.3076923076923,5.,26.75));
#5817=CARTESIAN_POINT('',(3.3076923076923,63.,-53.5));
#5818=CARTESIAN_POINT('',(3.3076923076923,5.,-53.5));
#5819=CARTESIAN_POINT('',(3.3076923076923,63.,-53.5));
#5820=CARTESIAN_POINT('Origin',(2.80769230769231,5.,-53.5));
#5821=CARTESIAN_POINT('',(2.80769230769231,5.,-53.5));
#5822=CARTESIAN_POINT('',(2.80769230769231,5.,-26.75));
#5823=CARTESIAN_POINT('',(2.80769230769231,63.,-53.5));
#5824=CARTESIAN_POINT('',(2.80769230769231,63.,-53.5));
#5825=CARTESIAN_POINT('',(2.80769230769231,5.,-53.5));
#5826=CARTESIAN_POINT('Origin',(3.05769230769231,63.,0.));
#5827=CARTESIAN_POINT('',(2.80769230769231,63.,-53.5));
#5828=CARTESIAN_POINT('Origin',(0.,5.,0.));
#5829=CARTESIAN_POINT('',(-40.,5.,-53.5));
#5830=CARTESIAN_POINT('Origin',(11.4615384615385,5.,53.5));
#5831=CARTESIAN_POINT('',(11.4615384615385,5.,-53.5));
#5832=CARTESIAN_POINT('',(11.4615384615385,5.,26.75));
#5833=CARTESIAN_POINT('',(11.4615384615385,63.,-53.5));
#5834=CARTESIAN_POINT('',(11.4615384615385,5.,-53.5));
#5835=CARTESIAN_POINT('',(11.4615384615385,63.,-53.5));
#5836=CARTESIAN_POINT('Origin',(10.9615384615385,5.,-53.5));
#5837=CARTESIAN_POINT('',(10.9615384615385,5.,-53.5));
#5838=CARTESIAN_POINT('',(10.9615384615385,5.,-26.75));
#5839=CARTESIAN_POINT('',(10.9615384615385,63.,-53.5));
#5840=CARTESIAN_POINT('',(10.9615384615385,63.,-53.5));
#5841=CARTESIAN_POINT('',(10.9615384615385,5.,-53.5));
#5842=CARTESIAN_POINT('Origin',(11.2115384615385,63.,0.));
#5843=CARTESIAN_POINT('',(10.9615384615385,63.,-53.5));
#5844=CARTESIAN_POINT('Origin',(0.,5.,0.));
#5845=CARTESIAN_POINT('',(-40.,5.,-53.5));
#5846=CARTESIAN_POINT('Origin',(19.6153846153846,5.,53.5));
#5847=CARTESIAN_POINT('',(19.6153846153846,5.,-53.5));
#5848=CARTESIAN_POINT('',(19.6153846153846,5.,26.75));
#5849=CARTESIAN_POINT('',(19.6153846153846,63.,-53.5));
#5850=CARTESIAN_POINT('',(19.6153846153846,5.,-53.5));
#5851=CARTESIAN_POINT('',(19.6153846153846,63.,-53.5));
#5852=CARTESIAN_POINT('Origin',(19.1153846153846,5.,-53.5));
#5853=CARTESIAN_POINT('',(19.1153846153846,5.,-53.5));
#5854=CARTESIAN_POINT('',(19.1153846153846,5.,-26.75));
#5855=CARTESIAN_POINT('',(19.1153846153846,63.,-53.5));
#5856=CARTESIAN_POINT('',(19.1153846153846,63.,-53.5));
#5857=CARTESIAN_POINT('',(19.1153846153846,5.,-53.5));
#5858=CARTESIAN_POINT('Origin',(19.3653846153846,63.,0.));
#5859=CARTESIAN_POINT('',(19.1153846153846,63.,-53.5));
#5860=CARTESIAN_POINT('Origin',(0.,5.,0.));
#5861=CARTESIAN_POINT('',(-40.,5.,-53.5));
#5862=CARTESIAN_POINT('Origin',(37.9615384615385,5.,53.5));
#5863=CARTESIAN_POINT('',(37.9615384615385,5.,-53.5));
#5864=CARTESIAN_POINT('',(37.9615384615385,5.,26.75));
#5865=CARTESIAN_POINT('',(37.9615384615385,63.,-53.5));
#5866=CARTESIAN_POINT('',(37.9615384615385,5.,-53.5));
#5867=CARTESIAN_POINT('',(37.9615384615385,63.,-53.5));
#5868=CARTESIAN_POINT('Origin',(37.4615384615385,5.,-53.5));
#5869=CARTESIAN_POINT('',(37.4615384615385,5.,-53.5));
#5870=CARTESIAN_POINT('',(37.4615384615385,5.,-26.75));
#5871=CARTESIAN_POINT('',(37.4615384615385,63.,-53.5));
#5872=CARTESIAN_POINT('',(37.4615384615385,63.,-53.5));
#5873=CARTESIAN_POINT('',(37.4615384615385,5.,-53.5));
#5874=CARTESIAN_POINT('Origin',(37.7115384615385,63.,0.));
#5875=CARTESIAN_POINT('',(37.4615384615385,63.,-53.5));
#5876=CARTESIAN_POINT('Origin',(0.,5.,0.));
#5877=CARTESIAN_POINT('',(-40.,5.,-53.5));
#5878=CARTESIAN_POINT('Origin',(39.5,5.,-53.5));
#5879=CARTESIAN_POINT('',(39.5,5.,-53.5));
#5880=CARTESIAN_POINT('',(39.5,5.,-26.75));
#5881=CARTESIAN_POINT('',(39.5,63.,-53.5));
#5882=CARTESIAN_POINT('',(39.5,63.,-53.5));
#5883=CARTESIAN_POINT('',(39.5,5.,-53.5));
#5884=CARTESIAN_POINT('Origin',(39.75,63.,0.));
#5885=CARTESIAN_POINT('',(40.,63.,-53.5));
#5886=CARTESIAN_POINT('',(40.,63.,-53.5));
#5887=CARTESIAN_POINT('',(39.5,63.,-53.5));
#5888=CARTESIAN_POINT('Origin',(0.,5.,0.));
#5889=CARTESIAN_POINT('',(-40.,5.,-53.5));
#5890=CARTESIAN_POINT('Origin',(29.8076923076923,5.,53.5));
#5891=CARTESIAN_POINT('',(29.8076923076923,63.,-53.5));
#5892=CARTESIAN_POINT('Origin',(29.3076923076923,5.,-53.5));
#5893=CARTESIAN_POINT('',(29.3076923076923,63.,-53.5));
#5894=CARTESIAN_POINT('Origin',(29.5576923076923,63.,0.));
#5895=CARTESIAN_POINT('Origin',(21.6538461538461,5.,53.5));
#5896=CARTESIAN_POINT('',(21.6538461538461,63.,-53.5));
#5897=CARTESIAN_POINT('',(21.6538461538461,5.,-53.5));
#5898=CARTESIAN_POINT('',(21.6538461538461,63.,-53.5));
#5899=CARTESIAN_POINT('Origin',(21.1538461538461,5.,-53.5));
#5900=CARTESIAN_POINT('',(21.1538461538461,5.,-53.5));
#5901=CARTESIAN_POINT('',(21.1538461538461,5.,-26.75));
#5902=CARTESIAN_POINT('',(21.1538461538461,63.,-53.5));
#5903=CARTESIAN_POINT('',(21.1538461538461,63.,-53.5));
#5904=CARTESIAN_POINT('',(21.1538461538461,5.,-53.5));
#5905=CARTESIAN_POINT('Origin',(21.4038461538461,63.,0.));
#5906=CARTESIAN_POINT('',(21.1538461538461,63.,-53.5));
#5907=CARTESIAN_POINT('Origin',(0.,5.,0.));
#5908=CARTESIAN_POINT('',(-40.,5.,-53.5));
#5909=CARTESIAN_POINT('Origin',(13.5,5.,53.5));
#5910=CARTESIAN_POINT('',(13.5,63.,-53.5));
#5911=CARTESIAN_POINT('',(13.5,5.,-53.5));
#5912=CARTESIAN_POINT('',(13.5,63.,-53.5));
#5913=CARTESIAN_POINT('Origin',(13.,5.,-53.5));
#5914=CARTESIAN_POINT('',(13.,5.,-53.5));
#5915=CARTESIAN_POINT('',(13.,5.,-26.75));
#5916=CARTESIAN_POINT('',(13.,63.,-53.5));
#5917=CARTESIAN_POINT('',(13.,63.,-53.5));
#5918=CARTESIAN_POINT('',(13.,5.,-53.5));
#5919=CARTESIAN_POINT('Origin',(13.25,63.,0.));
#5920=CARTESIAN_POINT('',(13.,63.,-53.5));
#5921=CARTESIAN_POINT('Origin',(0.,5.,0.));
#5922=CARTESIAN_POINT('',(-40.,5.,-53.5));
#5923=CARTESIAN_POINT('Origin',(5.34615384615384,5.,53.5));
#5924=CARTESIAN_POINT('',(5.34615384615384,63.,-53.5));
#5925=CARTESIAN_POINT('',(5.34615384615384,5.,-53.5));
#5926=CARTESIAN_POINT('',(5.34615384615384,63.,-53.5));
#5927=CARTESIAN_POINT('Origin',(4.84615384615385,5.,-53.5));
#5928=CARTESIAN_POINT('',(4.84615384615385,5.,-53.5));
#5929=CARTESIAN_POINT('',(4.84615384615385,5.,-26.75));
#5930=CARTESIAN_POINT('',(4.84615384615385,63.,-53.5));
#5931=CARTESIAN_POINT('',(4.84615384615385,63.,-53.5));
#5932=CARTESIAN_POINT('',(4.84615384615385,5.,-53.5));
#5933=CARTESIAN_POINT('Origin',(5.09615384615385,63.,0.));
#5934=CARTESIAN_POINT('',(4.84615384615385,63.,-53.5));
#5935=CARTESIAN_POINT('Origin',(0.,5.,0.));
#5936=CARTESIAN_POINT('',(-40.,5.,-53.5));
#5937=CARTESIAN_POINT('Origin',(-2.80769230769231,5.,53.5));
#5938=CARTESIAN_POINT('',(-2.80769230769231,63.,-53.5));
#5939=CARTESIAN_POINT('',(-2.80769230769231,5.,-53.5));
#5940=CARTESIAN_POINT('',(-2.80769230769231,63.,-53.5));
#5941=CARTESIAN_POINT('Origin',(-3.30769230769231,5.,-53.5));
#5942=CARTESIAN_POINT('',(-3.30769230769231,5.,-53.5));
#5943=CARTESIAN_POINT('',(-3.30769230769231,5.,-26.75));
#5944=CARTESIAN_POINT('',(-3.30769230769231,63.,-53.5));
#5945=CARTESIAN_POINT('',(-3.30769230769231,63.,-53.5));
#5946=CARTESIAN_POINT('',(-3.30769230769231,5.,-53.5));
#5947=CARTESIAN_POINT('Origin',(-3.05769230769231,63.,0.));
#5948=CARTESIAN_POINT('',(-3.30769230769231,63.,-53.5));
#5949=CARTESIAN_POINT('Origin',(0.,5.,0.));
#5950=CARTESIAN_POINT('',(-40.,5.,-53.5));
#5951=CARTESIAN_POINT('Origin',(-10.9615384615385,5.,53.5));
#5952=CARTESIAN_POINT('',(-10.9615384615385,63.,-53.5));
#5953=CARTESIAN_POINT('',(-10.9615384615385,5.,-53.5));
#5954=CARTESIAN_POINT('',(-10.9615384615385,63.,-53.5));
#5955=CARTESIAN_POINT('Origin',(-11.4615384615385,5.,-53.5));
#5956=CARTESIAN_POINT('',(-11.4615384615385,5.,-53.5));
#5957=CARTESIAN_POINT('',(-11.4615384615385,5.,-26.75));
#5958=CARTESIAN_POINT('',(-11.4615384615385,63.,-53.5));
#5959=CARTESIAN_POINT('',(-11.4615384615385,63.,-53.5));
#5960=CARTESIAN_POINT('',(-11.4615384615385,5.,-53.5));
#5961=CARTESIAN_POINT('Origin',(-11.2115384615385,63.,0.));
#5962=CARTESIAN_POINT('',(-11.4615384615385,63.,-53.5));
#5963=CARTESIAN_POINT('Origin',(0.,5.,0.));
#5964=CARTESIAN_POINT('',(-40.,5.,-53.5));
#5965=CARTESIAN_POINT('Origin',(-19.1153846153846,5.,53.5));
#5966=CARTESIAN_POINT('',(-19.1153846153846,63.,-53.5));
#5967=CARTESIAN_POINT('',(-19.1153846153846,5.,-53.5));
#5968=CARTESIAN_POINT('',(-19.1153846153846,63.,-53.5));
#5969=CARTESIAN_POINT('Origin',(-19.6153846153846,5.,-53.5));
#5970=CARTESIAN_POINT('',(-19.6153846153846,5.,-53.5));
#5971=CARTESIAN_POINT('',(-19.6153846153846,5.,-26.75));
#5972=CARTESIAN_POINT('',(-19.6153846153846,63.,-53.5));
#5973=CARTESIAN_POINT('',(-19.6153846153846,63.,-53.5));
#5974=CARTESIAN_POINT('',(-19.6153846153846,5.,-53.5));
#5975=CARTESIAN_POINT('Origin',(-19.3653846153846,63.,0.));
#5976=CARTESIAN_POINT('',(-19.6153846153846,63.,-53.5));
#5977=CARTESIAN_POINT('Origin',(0.,5.,0.));
#5978=CARTESIAN_POINT('',(-40.,5.,-53.5));
#5979=CARTESIAN_POINT('Origin',(-27.2692307692308,5.,53.5));
#5980=CARTESIAN_POINT('',(-27.2692307692308,63.,-53.5));
#5981=CARTESIAN_POINT('Origin',(-27.7692307692308,5.,-53.5));
#5982=CARTESIAN_POINT('',(-27.7692307692308,63.,-53.5));
#5983=CARTESIAN_POINT('Origin',(-27.5192307692308,63.,0.));
#5984=CARTESIAN_POINT('Origin',(-35.4230769230769,5.,53.5));
#5985=CARTESIAN_POINT('',(-35.4230769230769,63.,-53.5));
#5986=CARTESIAN_POINT('',(-35.4230769230769,5.,-53.5));
#5987=CARTESIAN_POINT('',(-35.4230769230769,63.,-53.5));
#5988=CARTESIAN_POINT('Origin',(-35.9230769230769,5.,-53.5));
#5989=CARTESIAN_POINT('',(-35.9230769230769,5.,-53.5));
#5990=CARTESIAN_POINT('',(-35.9230769230769,5.,-26.75));
#5991=CARTESIAN_POINT('',(-35.9230769230769,63.,-53.5));
#5992=CARTESIAN_POINT('',(-35.9230769230769,63.,-53.5));
#5993=CARTESIAN_POINT('',(-35.9230769230769,5.,-53.5));
#5994=CARTESIAN_POINT('Origin',(-35.6730769230769,63.,0.));
#5995=CARTESIAN_POINT('',(-35.9230769230769,63.,-53.5));
#5996=CARTESIAN_POINT('Origin',(0.,5.,0.));
#5997=CARTESIAN_POINT('',(-40.,5.,-53.5));
#5998=CARTESIAN_POINT('Origin',(40.,0.,53.5));
#5999=CARTESIAN_POINT('',(40.,0.,-53.5));
#6000=CARTESIAN_POINT('',(40.,0.,-53.5));
#6001=CARTESIAN_POINT('',(40.,0.,-53.5));
#6002=CARTESIAN_POINT('Origin',(-40.,0.,-53.5));
#6003=CARTESIAN_POINT('',(-40.,0.,-53.5));
#6004=CARTESIAN_POINT('',(-40.,0.,53.5));
#6005=CARTESIAN_POINT('',(-40.,0.,-53.5));
#6006=CARTESIAN_POINT('Origin',(40.,0.,-53.5));
#6007=CARTESIAN_POINT('',(-40.,0.,-53.5));
#6008=CARTESIAN_POINT('Origin',(0.,0.,0.));
#6009=CARTESIAN_POINT('',(0.,0.,0.));
#6010=CARTESIAN_POINT('Origin',(0.,0.,-11.8));
#6011=CARTESIAN_POINT('',(1.95400000000002,2.39295984553393E-16,-11.6860000000025));
#6012=CARTESIAN_POINT('Origin',(2.33290858709416E-14,0.,-11.6860000000025));
#6013=CARTESIAN_POINT('',(1.64000000000216,-2.00842075060431E-16,-12.));
#6014=CARTESIAN_POINT('',(1.84000000000236,-2.25335011043402E-16,-11.8));
#6015=CARTESIAN_POINT('Origin',(0.,0.,-12.));
#6016=CARTESIAN_POINT('Origin',(-2.2227352498124E-14,0.,3.59999999999964));
#6017=CARTESIAN_POINT('',(3.49999999999996,-4.28626379701571E-16,3.59999999999965));
#6018=CARTESIAN_POINT('Origin',(-2.2227352498124E-14,0.,3.59999999999964));
#6019=CARTESIAN_POINT('',(3.09999999999996,-3.79640507735677E-16,3.99999999999965));
#6020=CARTESIAN_POINT('Origin',(3.09999999999996,-3.79640507735677E-16,
3.59999999999965));
#6021=CARTESIAN_POINT('Origin',(-2.34194613132243E-14,0.,3.99999999999964));
#6022=CARTESIAN_POINT('Origin',(-3.5,0.,3.99999999999963));
#6023=CARTESIAN_POINT('',(-1.5,-0.866025403784437,4.));
#6024=CARTESIAN_POINT('',(-1.5,0.866025403784439,4.));
#6025=CARTESIAN_POINT('',(-1.5,-0.433012701892219,3.99999999999964));
#6026=CARTESIAN_POINT('',(9.72369989993027E-16,1.73205080756888,4.));
#6027=CARTESIAN_POINT('',(-2.4375,0.324759526419166,3.99999999999963));
#6028=CARTESIAN_POINT('',(1.5,0.866025403784438,4.));
#6029=CARTESIAN_POINT('',(-0.937499999999997,2.27331668493415,3.99999999999964));
#6030=CARTESIAN_POINT('',(1.5,-0.866025403784439,4.));
#6031=CARTESIAN_POINT('',(1.5,0.433012701892219,3.99999999999965));
#6032=CARTESIAN_POINT('',(-4.46691295064028E-16,-1.73205080756888,4.));
#6033=CARTESIAN_POINT('',(-0.1875,-1.84030398304193,3.99999999999964));
#6034=CARTESIAN_POINT('',(-1.6875,-0.757772228311384,3.99999999999964));
#6035=CARTESIAN_POINT('Origin',(-1.74589172377218E-14,0.,1.99999999999934));
#6036=CARTESIAN_POINT('',(3.49999999999997,-4.28626379701571E-16,-9.45910016980633E-13));
#6037=CARTESIAN_POINT('Origin',(-1.14983731622192E-14,0.,-9.5606435006694E-13));
#6038=CARTESIAN_POINT('',(3.49999999999996,-4.28626379701571E-16,1.99999999999935));
#6039=CARTESIAN_POINT('Origin',(-1.5,0.866025403784439,2.));
#6040=CARTESIAN_POINT('',(-1.5,0.866025403784439,2.));
#6041=CARTESIAN_POINT('',(-2.63677968348475E-15,6.93889390390723E-16,1.86876700471111));
#6042=CARTESIAN_POINT('',(-1.12714047455993,0.650754856401699,1.96737901843634));
#6043=CARTESIAN_POINT('',(-1.5,-0.866025403784438,2.));
#6044=CARTESIAN_POINT('',(-1.5,0.866025403784439,2.));
#6045=CARTESIAN_POINT('',(-1.12714047455993,-0.650754856401699,1.96737901843634));
#6046=CARTESIAN_POINT('Origin',(-1.5,-0.866025403784438,2.));
#6047=CARTESIAN_POINT('',(-4.46691295064028E-16,-1.73205080756888,2.));
#6048=CARTESIAN_POINT('',(-1.5,-0.866025403784437,2.));
#6049=CARTESIAN_POINT('',(-2.77555756156289E-16,-1.3015097128034,1.96737901843634));
#6050=CARTESIAN_POINT('Origin',(-4.46691295064028E-16,-1.73205080756888,
2.));
#6051=CARTESIAN_POINT('',(1.5,-0.866025403784439,2.));
#6052=CARTESIAN_POINT('',(-4.46691295064028E-16,-1.73205080756888,2.));
#6053=CARTESIAN_POINT('',(1.12714047455993,-0.650754856401699,1.96737901843634));
#6054=CARTESIAN_POINT('Origin',(1.5,-0.866025403784439,2.));
#6055=CARTESIAN_POINT('',(1.5,0.866025403784438,2.));
#6056=CARTESIAN_POINT('',(1.5,-0.866025403784439,2.));
#6057=CARTESIAN_POINT('',(1.12714047455993,0.650754856401699,1.96737901843634));
#6058=CARTESIAN_POINT('Origin',(1.5,0.866025403784438,2.));
#6059=CARTESIAN_POINT('',(9.72369989993027E-16,1.73205080756888,2.));
#6060=CARTESIAN_POINT('',(1.5,0.866025403784438,2.));
#6061=CARTESIAN_POINT('',(2.77555756156289E-16,1.3015097128034,1.96737901843634));
#6062=CARTESIAN_POINT('Origin',(9.72369989993027E-16,1.73205080756888,2.));
#6063=CARTESIAN_POINT('',(9.72369989993027E-16,1.73205080756888,2.));
#6064=CARTESIAN_POINT('Origin',(-1.5,-0.866025403784437,4.));
#6065=CARTESIAN_POINT('',(-1.5,-0.866025403784437,4.));
#6066=CARTESIAN_POINT('',(-1.5,0.866025403784439,4.));
#6067=CARTESIAN_POINT('Origin',(-5.55111512312578E-16,-1.73205080756888,
4.));
#6068=CARTESIAN_POINT('',(-4.46691295064028E-16,-1.73205080756888,4.));
#6069=CARTESIAN_POINT('Origin',(1.5,-0.866025403784439,4.));
#6070=CARTESIAN_POINT('',(1.5,-0.866025403784439,4.));
#6071=CARTESIAN_POINT('Origin',(1.5,0.866025403784438,4.));
#6072=CARTESIAN_POINT('',(1.5,0.866025403784438,4.));
#6073=CARTESIAN_POINT('Origin',(1.11022302462516E-15,1.73205080756888,4.));
#6074=CARTESIAN_POINT('',(9.72369989993027E-16,1.73205080756888,4.));
#6075=CARTESIAN_POINT('Origin',(-1.5,0.866025403784439,4.));
#6076=CARTESIAN_POINT('Origin',(6.38325906428375E-15,0.,-6.00000000000027));
#6077=CARTESIAN_POINT('',(1.95399999999999,2.39295984553393E-16,-5.40502574622423E-13));
#6078=CARTESIAN_POINT('',(1.95400000000001,-2.39295984553393E-16,-6.00000000000027));
#6079=CARTESIAN_POINT('Origin',(-1.14983731622204E-14,0.,-5.46229728115577E-13));
#6080=CARTESIAN_POINT('Origin',(2.41473507855972E-14,0.,-12.));
#6081=CARTESIAN_POINT('Origin',(-1.99999999999999,0.,-5.52283029828038E-13));
#6082=CARTESIAN_POINT('',(28.,5.00000000000096,-47.));
#6083=CARTESIAN_POINT('',(0.,0.,0.));
#6084=CARTESIAN_POINT('',(-28.,5.00000000000096,47.));
#6085=CARTESIAN_POINT('',(-28.,5.00000000000096,-47.));
#6086=CARTESIAN_POINT('',(28.,5.00000000000096,47.));
#6087=UNCERTAINTY_MEASURE_WITH_UNIT(LENGTH_MEASURE(0.01),#6095,
'DISTANCE_ACCURACY_VALUE',
'Maximum model space distance between geometric entities at asserted c
onnectivities');
#6088=UNCERTAINTY_MEASURE_WITH_UNIT(LENGTH_MEASURE(0.01),#6095,
'DISTANCE_ACCURACY_VALUE',
'Maximum model space distance between geometric entities at asserted c
onnectivities');
#6089=UNCERTAINTY_MEASURE_WITH_UNIT(LENGTH_MEASURE(0.01),#6095,
'DISTANCE_ACCURACY_VALUE',
'Maximum model space distance between geometric entities at asserted c
onnectivities');
#6090=UNCERTAINTY_MEASURE_WITH_UNIT(LENGTH_MEASURE(0.01),#6095,
'DISTANCE_ACCURACY_VALUE',
'Maximum model space distance between geometric entities at asserted c
onnectivities');
#6091=(
GEOMETRIC_REPRESENTATION_CONTEXT(3)
GLOBAL_UNCERTAINTY_ASSIGNED_CONTEXT((#6087))
GLOBAL_UNIT_ASSIGNED_CONTEXT((#6095,#6097,#6098))
REPRESENTATION_CONTEXT('','3D')
);
#6092=(
GEOMETRIC_REPRESENTATION_CONTEXT(3)
GLOBAL_UNCERTAINTY_ASSIGNED_CONTEXT((#6088))
GLOBAL_UNIT_ASSIGNED_CONTEXT((#6095,#6097,#6098))
REPRESENTATION_CONTEXT('','3D')
);
#6093=(
GEOMETRIC_REPRESENTATION_CONTEXT(3)
GLOBAL_UNCERTAINTY_ASSIGNED_CONTEXT((#6089))
GLOBAL_UNIT_ASSIGNED_CONTEXT((#6095,#6097,#6098))
REPRESENTATION_CONTEXT('','3D')
);
#6094=(
GEOMETRIC_REPRESENTATION_CONTEXT(3)
GLOBAL_UNCERTAINTY_ASSIGNED_CONTEXT((#6090))
GLOBAL_UNIT_ASSIGNED_CONTEXT((#6095,#6097,#6098))
REPRESENTATION_CONTEXT('','3D')
);
#6095=(
LENGTH_UNIT()
NAMED_UNIT(*)
SI_UNIT(.MILLI.,.METRE.)
);
#6096=(
LENGTH_UNIT()
NAMED_UNIT(*)
SI_UNIT($,.METRE.)
);
#6097=(
NAMED_UNIT(*)
PLANE_ANGLE_UNIT()
SI_UNIT($,.RADIAN.)
);
#6098=(
NAMED_UNIT(*)
SI_UNIT($,.STERADIAN.)
SOLID_ANGLE_UNIT()
);
#6099=SHAPE_DEFINITION_REPRESENTATION(#6102,#6110);
#6100=SHAPE_DEFINITION_REPRESENTATION(#6103,#6111);
#6101=SHAPE_DEFINITION_REPRESENTATION(#6104,#6112);
#6102=PRODUCT_DEFINITION_SHAPE('',$,#6114);
#6103=PRODUCT_DEFINITION_SHAPE('',$,#6115);
#6104=PRODUCT_DEFINITION_SHAPE('',$,#6116);
#6105=PRODUCT_DEFINITION_SHAPE($,$,#26);
#6106=PRODUCT_DEFINITION_SHAPE($,$,#27);
#6107=PRODUCT_DEFINITION_SHAPE($,$,#28);
#6108=PRODUCT_DEFINITION_SHAPE($,$,#29);
#6109=PRODUCT_DEFINITION_SHAPE($,$,#30);
#6110=SHAPE_REPRESENTATION('',(#3846,#4059,#4060,#4061,#4062,#4063),#6091);
#6111=SHAPE_REPRESENTATION('',(#3847),#6092);
#6112=SHAPE_REPRESENTATION('',(#4032),#6093);
#6113=PRODUCT_DEFINITION_CONTEXT('part definition',#6124,'design');
#6114=PRODUCT_DEFINITION('2026-03-24-12-50-47-376',
'2011_heat_sink_screw',#6117,#6113);
#6115=PRODUCT_DEFINITION('2026-03-24-12-28-16-219','2011_heat_sink',#6118,
#6113);
#6116=PRODUCT_DEFINITION('NF EN ISO 4762 - M4 x 6 Steel 4.6 Plain',
'Hexagon Socket Head Cap Screw NF EN ISO 4762 - M4 x 12 Steel 4.6 Plai
n',#6119,#6113);
#6117=PRODUCT_DEFINITION_FORMATION('',$,#6126);
#6118=PRODUCT_DEFINITION_FORMATION('',$,#6127);
#6119=PRODUCT_DEFINITION_FORMATION('',$,#6128);
#6120=PRODUCT_RELATED_PRODUCT_CATEGORY('2011_heat_sink_screw',
'2011_heat_sink_screw',(#6126));
#6121=PRODUCT_RELATED_PRODUCT_CATEGORY('2011_heat_sink',
'2011_heat_sink',(#6127));
#6122=PRODUCT_RELATED_PRODUCT_CATEGORY(
'Hexagon Socket Head Cap Screw NF EN ISO 4762 - M4 x 12 Steel 4.6 Plai
n',
'Hexagon Socket Head Cap Screw NF EN ISO 4762 - M4 x 12 Steel 4.6 Plai
n',(#6128));
#6123=APPLICATION_PROTOCOL_DEFINITION('international standard',
'automotive_design',2009,#6124);
#6124=APPLICATION_CONTEXT(
'Core Data for Automotive Mechanical Design Process');
#6125=PRODUCT_CONTEXT('part definition',#6124,'mechanical');
#6126=PRODUCT('2026-03-24-12-50-47-376','2011_heat_sink_screw',$,(#6125));
#6127=PRODUCT('2026-03-24-12-28-16-219','2011_heat_sink',$,(#6125));
#6128=PRODUCT('NF EN ISO 4762 - M4 x 6 Steel 4.6 Plain',
'Hexagon Socket Head Cap Screw NF EN ISO 4762 - M4 x 12 Steel 4.6 Plai
n','Hexagon Socket Head Cap Screw NF EN ISO 4762 - M4 x 6',(#6125));
#6129=PRESENTATION_STYLE_ASSIGNMENT((#6131));
#6130=PRESENTATION_STYLE_ASSIGNMENT((#6132));
#6131=SURFACE_STYLE_USAGE(.BOTH.,#6133);
#6132=SURFACE_STYLE_USAGE(.BOTH.,#6134);
#6133=SURFACE_SIDE_STYLE('',(#6135));
#6134=SURFACE_SIDE_STYLE('',(#6136));
#6135=SURFACE_STYLE_FILL_AREA(#6137);
#6136=SURFACE_STYLE_FILL_AREA(#6138);
#6137=FILL_AREA_STYLE('Steel - Satin',(#6139));
#6138=FILL_AREA_STYLE('Aluminum - Brushed Linear',(#6140));
#6139=FILL_AREA_STYLE_COLOUR('Steel - Satin',#6141);
#6140=FILL_AREA_STYLE_COLOUR('Aluminum - Brushed Linear',#6142);
#6141=COLOUR_RGB('Steel - Satin',0.627450980392157,0.627450980392157,0.627450980392157);
#6142=COLOUR_RGB('Aluminum - Brushed Linear',0.96078431372549,0.96078431372549,
0.964705882352941);
ENDSEC;
END-ISO-10303-21;
